,task_reward,velocity_penalty,position_penalty,acceleration_penalty,velocity_over_limit,position_over_limit,acceleration_over_limit,control_penalty,goal_reached,net_reward
0,2.7716850761888554,-0.2662150052689357,-0.012894990961211626,-2.189485228783905,0.000579833984375,0.00103759765625,1.509185791015625,-2.468595225014052,False,0.3030898511748035
0,2.8907144131397153,-0.26518397676197614,-0.007328542778880041,-2.2027642757350154,0.00042724609375,0.0,1.52520751953125,-2.4752767952758714,False,0.4154376178638438
0,2.9538535217672677,-0.2635322532316236,-0.008032534858086277,-2.1406392746164737,0.000396728515625,0.0,1.469879150390625,-2.4122040627061834,False,0.5416494590610843
0,2.8147198814463605,-0.2669993176629435,-0.030048144507320823,-2.0727252256655317,0.0006103515625,0.00811767578125,1.428253173828125,-2.3697726878357965,False,0.44494719361056445
0,3.044799038071552,-0.2640713678322711,-0.018404962482886287,-2.0190235681474453,0.000640869140625,0.002838134765625,1.383209228515625,-2.3014998984626023,False,0.7432991396089496
0,3.318242195183098,-0.26208979115597053,-0.04756979536033043,-1.9734694146656069,0.0003662109375,0.0111083984375,1.336517333984375,-2.283129001181908,False,1.03511319400119
0,3.396843691286363,-0.2620739457138809,-0.038920319879700356,-1.865176389208348,0.00054931640625,0.008514404296875,1.249664306640625,-2.1661706548019293,False,1.2306730364844336
0,3.5094234854251614,-0.2601465744877827,-0.022549244613661493,-1.7437459192704228,0.00048828125,0.00238037109375,1.145294189453125,-2.026441738371867,False,1.4829817470532942
0,3.4338760160436657,-0.25873794128198724,-0.019285159694815673,-1.632395413963385,0.000152587890625,0.004974365234375,1.04168701171875,-1.9104185149401878,False,1.5234575011034777
0,3.5004010401916075,-0.25864794076645536,-0.007719267108815388,-1.4549696019300327,9.1552734375e-05,0.0,0.88470458984375,-1.7213368098053037,False,1.7790642303863042
0,3.5156260377291364,-0.2582361178375171,-0.007357042226990975,-1.4033057498272359,0.000152587890625,0.0,0.83990478515625,-1.668898909891744,False,1.8467271278373922
0,3.573837787249405,-0.2546172824304388,-0.007000000000000003,-1.3375449592825626,3.0517578125e-05,0.0,0.7841796875,-1.5991622417130014,False,1.9746755455364031
0,3.698645672055329,-0.2532022425109995,-0.007000000000000003,-1.333985300877667,0.0,0.0,0.78216552734375,-1.5941875433886663,False,2.1044581286666624
0,3.7406506252549017,-0.2520525170022051,-0.007165908762765552,-1.2546595015144282,3.0517578125e-05,0.0,0.719268798828125,-1.5138779272793987,False,2.226772697975503
0,3.7545317775510223,-0.2475832912701097,-0.007000000000000003,-1.1543861698830002,9.1552734375e-05,0.0,0.63616943359375,-1.4089694611531096,False,2.3455623163979125
0,3.821915020494905,-0.248155933100986,-0.007000000000000642,-1.1391935684871135,0.0,0.0,0.63177490234375,-1.3943495015881002,False,2.4275655189068046
0,3.897088179345433,-0.244193604586313,-0.007000000000000003,-1.124027034660169,0.0,0.0,0.62664794921875,-1.3752206392464819,False,2.5218675400989503
0,3.887344317523585,-0.24173956428230303,-0.007000205436327315,-1.0281632141891959,0.0,0.0,0.554779052734375,-1.276902983907826,False,2.610441333615759
0,3.973709997653077,-0.23802040918737294,-0.007000000000000003,-1.0389959765711634,0.0,0.0,0.565582275390625,-1.2840163857585363,False,2.689693611894541
0,3.945428996975931,-0.23430854024586398,-0.007000000000000003,-0.94604451103631,0.0,0.0,0.493865966796875,-1.187353051282174,False,2.7580759456937565
0,3.9737328238200442,-0.231889564130361,-0.007000000000000003,-0.913584637826919,0.0,0.0,0.473114013671875,-1.1524742019572798,False,2.821258621862764
0,3.9543885703697645,-0.22986337555496858,-0.007000000000000003,-0.8549056430081079,0.0,0.0,0.432281494140625,-1.0917690185630764,False,2.862619551806688
0,3.9547924259350116,-0.22744372130005233,-0.007000000000000003,-0.8211765617135502,0.0,0.0,0.4068603515625,-1.0556202830136023,False,2.899172142921409
0,3.9857242255489886,-0.22145707598580816,-0.007000000000000003,-0.7869637878981741,0.0,0.0,0.387908935546875,-1.0154208638839823,False,2.9703033616650067
0,4.058044402444711,-0.21876791600146286,-0.007000000000000003,-0.7675345896375856,0.0,0.0,0.37652587890625,-0.9933025056390485,False,3.0647418968056632
0,4.1128893869852075,-0.21458094378322923,-0.007000000000000003,-0.749218373231923,0.0,0.0,0.369384765625,-0.970799317015152,False,3.142090069970055
0,4.141808972518476,-0.21019283762317784,-0.007000000000000003,-0.7163799093982006,0.0,0.0,0.34637451171875,-0.9335727470213784,False,3.208236225497098
0,4.193096776258294,-0.20682395620965005,-0.007000000000000003,-0.7084111565908864,0.0,0.0,0.345428466796875,-0.9222351128005364,False,3.270861663457757
0,4.240675311459183,-0.20341988272402048,-0.007000000000000003,-0.6953979140736758,0.0,0.0,0.33892822265625,-0.9058177967976964,False,3.3348575146614863
0,4.252728031034985,-0.20087864761723784,-0.007000000000000003,-0.6573039329728446,0.0,0.0,0.3037109375,-0.8651825805900826,False,3.3875454504449016
0,4.306098532354379,-0.19578846506483813,-0.007000000000000003,-0.638415182868824,0.0,0.0,0.299285888671875,-0.8412036479336622,False,3.4648948844207164
0,4.266323461224438,-0.19652295272497994,-0.007000000000000003,-0.5921987584847854,0.0,0.0,0.259185791015625,-0.7957217112097654,False,3.470601750014672
0,4.379781781559494,-0.18751732713516012,-0.007000000000000003,-0.5875613238131236,0.0,0.0,0.26666259765625,-0.7820786509482838,False,3.59770313061121
0,4.379960797268895,-0.18595802529874494,-0.007000000000000003,-0.5604832821353896,0.0,0.0,0.248565673828125,-0.7534413074341345,False,3.626519489834761
0,4.386011407261819,-0.1814711940016226,-0.007000000000000003,-0.5113937758222921,0.0,0.0,0.210693359375,-0.6998649698239147,False,3.6861464374379036
0,4.3653503070302815,-0.17869544430007378,-0.007000000000000003,-0.4656224148975096,0.0,0.0,0.173919677734375,-0.6513178591975834,False,3.714032447832697
0,4.378100564378418,-0.17604043723832646,-0.007000000000000003,-0.442079306649837,0.0,0.0,0.159332275390625,-0.6251197438881635,False,3.7529808204902544
0,4.395868436813609,-0.17250838042076572,-0.007000000000000003,-0.3982185227414148,0.0,0.0,0.12939453125,-0.5777269031621804,False,3.8181415336514286
0,4.412526721219668,-0.16928811671251998,-0.007000000000000003,-0.3732754089330342,0.0,0.0,0.115997314453125,-0.5495635256455542,False,3.8629631955741135
0,4.428355139033901,-0.16485935613448055,-0.007000000000000003,-0.35806482583128324,0.0,0.0,0.109130859375,-0.5299241819657639,False,3.898430957068137
0,4.475564653411224,-0.16102756981710095,-0.007000000000000003,-0.35914211492185566,0.0,0.0,0.11724853515625,-0.5271696847389566,False,3.9483949686722677
0,4.464472446740833,-0.1574381979620773,-0.007000000000000003,-0.34188341087784835,0.0,0.0,0.111083984375,-0.5063216088399256,False,3.9581508379009076
0,4.475164859262922,-0.1532679520558173,-0.007000000000000003,-0.32684570262398244,0.0,0.0,0.10650634765625,-0.4871136546797997,False,3.9880512045831216
0,4.505681208319355,-0.14720447065193798,-0.007000000000000003,-0.3268952236677163,0.0,0.0,0.115997314453125,-0.48109969431965427,False,4.024581513999701
0,4.4809934024799025,-0.14455047095971782,-0.007000000000000003,-0.2589968692084567,0.0,0.0,0.0621337890625,-0.4105473401681745,False,4.070446062311728
0,4.5315143882681195,-0.1408890936789026,-0.007000000000000003,-0.28099403437543724,0.0,0.0,0.08990478515625,-0.4288831280543399,False,4.10263126021378
0,4.530702183108225,-0.1351424816627212,-0.007000000000000003,-0.23467416679884412,0.0,0.0,0.05706787109375,-0.3768166484615653,False,4.15388553464666
0,4.527087694423293,-0.131404391050577,-0.007000000000000003,-0.22364522863157982,0.0,0.0,0.0556640625,-0.3620496196821568,False,4.165038074741136
0,4.483464759506161,-0.12973181671423717,-0.007000000000000003,-0.17970945560594453,0.0,0.0,0.02911376953125,-0.31644127232018177,False,4.167023487185979
0,4.557449304283267,-0.12312792332179967,-0.007000000000000003,-0.18779321062520624,0.0,0.0,0.04443359375,-0.31792113394700594,False,4.239528170336261
0,4.560521855156185,-0.12046819988254573,-0.007000000000000003,-0.16756699192125774,0.0,0.0,0.031494140625,-0.29503519180380344,False,4.265486663352381
0,4.5984670921090816,-0.11737775899199822,-0.007000000000000003,-0.18388072613325063,0.0,0.0,0.049224853515625,-0.3082584851252489,False,4.290208606983833
0,4.533257362735791,-0.11759286842181105,-0.007000000000000003,-0.15771588260772704,0.0,0.0,0.031280517578125,-0.2823087510295381,False,4.250948611706253
0,4.568889896970935,-0.1109847046969057,-0.007000000000000003,-0.13854881300959437,0.0,0.0,0.02313232421875,-0.2565335177065001,False,4.312356379264435
0,4.615618613972137,-0.10546311371571793,-0.007000000000000003,-0.1590215510127077,0.0,0.0,0.042266845703125,-0.27148466472842564,False,4.3441339492437105
0,4.573210288068918,-0.10359337996245627,-0.007000000000000003,-0.12479615549970428,0.0,0.0,0.0179443359375,-0.23538953546216052,False,4.337820752606758
0,4.596118128560695,-0.10010078039135203,-0.007000000000000003,-0.1231888965491047,0.0,0.0,0.021148681640625,-0.2302896769404567,False,4.365828451620239
0,4.613110329783556,-0.09476446775427558,-0.007000000000000003,-0.11972939119718456,0.0,0.0,0.020782470703125,-0.22149385895146015,False,4.391616470832096
0,4.624367007680183,-0.0933031404385768,-0.007000000000000003,-0.13413112597099647,0.0,0.0,0.037994384765625,-0.23443426640957327,False,4.389932741270609
0,4.645595184244209,-0.08964742984042649,-0.007000000000000003,-0.12603039341054095,0.0,0.0,0.03155517578125,-0.2226778232509675,False,4.422917360993242
0,4.600641325098407,-0.08876008387263684,-0.007000000000000003,-0.1063921873161934,0.0,0.0,0.0189208984375,-0.20215227118883025,False,4.398489053909578
0,4.6664819892251685,-0.08375041814582863,-0.007000000000000003,-0.12642176720767226,0.0,0.0,0.036956787109375,-0.21717218535350089,False,4.449309803871667
0,4.643955968991303,-0.08286180162876317,-0.007000000000000003,-0.11297981777150339,0.0,0.0,0.028106689453125,-0.20284161940026654,False,4.441114349591038
0,4.690200817126003,-0.07940293495889897,-0.007000000000000003,-0.12289047774494544,0.0,0.0,0.037841796875,-0.2092934127038444,False,4.480907404422159
0,4.711493217880415,-0.0743921002656288,-0.007000000000000003,-0.11739335985396863,0.0,0.0,0.037872314453125,-0.19878546011959744,False,4.512707757760818
0,4.675737234220311,-0.07597233759112107,-0.007000000000000003,-0.11102697556739222,0.0,0.0,0.03314208984375,-0.19399931315851332,False,4.481737921061798
0,4.713842974752629,-0.07118352105186124,-0.007000000000000003,-0.12460387989669328,0.0,0.0,0.045501708984375,-0.20278740094855452,False,4.511055573804075
0,4.666108765358482,-0.07067652316181364,-0.007000000000000003,-0.08150091546530826,0.0,0.0,0.011688232421875,-0.15917743862712186,False,4.506931326731359
0,4.6877692147289425,-0.06839304838936834,-0.007000000000000003,-0.09066932961877472,0.0,0.0,0.02374267578125,-0.16606237800814305,False,4.521706836720798
0,4.699974899297491,-0.06463949195616371,-0.007000000000000003,-0.09325867277592387,0.0,0.0,0.024749755859375,-0.16489816473208757,False,4.535076734565403
0,4.675319197386371,-0.06148941762004322,-0.007000000000000003,-0.07279580363448582,0.0,0.0,0.01055908203125,-0.14128522125452903,False,4.534033976131841
0,4.635318882269543,-0.060472238353119524,-0.007000000000000003,-0.06903940953798379,0.0,0.0,0.010009765625,-0.13651164789110334,False,4.4988072343784395
0,4.690702645627049,-0.05615742119578794,-0.007000000000000003,-0.12858908281072,0.0,0.0,0.04876708984375,-0.19174650400650797,False,4.49895614162054
0,4.55249665384831,-0.05839077197440966,-0.007000000000000003,-0.1429293736979376,0.0,0.0,0.055328369140625,-0.20832014567234727,False,4.344176508175963
0,4.725489754194979,-0.05851266740186395,-0.007000000000000003,-0.11620242658601881,0.0,0.0,0.04779052734375,-0.18171509398788277,False,4.543774660207096
0,4.782427296936856,-0.05793598033652571,-0.007000000000000003,-0.22111036212335217,0.0,0.0,0.12249755859375,-0.28604634245987787,False,4.496380954476978
0,4.801209504095209,-0.05156199644872479,-0.007000000000000003,-0.1967193041457052,0.0,0.0,0.104034423828125,-0.25528130059443,False,4.545928203500779
0,4.780507828142095,-0.055446673498381734,-0.007000000000000003,-0.22383487011381495,0.0,0.0,0.120361328125,-0.28628154361219665,False,4.4942262845298995
0,4.793968995412909,-0.05027133631705502,-0.007000000000000003,-0.14129314417285488,0.0,0.0,0.06573486328125,-0.1985644804899099,False,4.595404514922999
0,4.7307803004157165,-0.052328159322873574,-0.007000000000000003,-0.09944676473802821,0.0,0.0,0.033782958984375,-0.15877492406090182,False,4.572005376354815
0,4.72986950386586,-0.0497025464224306,-0.007000000000000003,-0.0681072904025,0.0,0.0,0.015777587890625,-0.12480983682493063,False,4.60505966704093
0,4.735126697015305,-0.05189686220288561,-0.007000000000000003,-0.09444041611246132,0.0,0.0,0.03338623046875,-0.15333727831534694,False,4.581789418699959
0,4.750519540493265,-0.04988533531151971,-0.007000000000000003,-0.13296651444684077,0.0,0.0,0.060333251953125,-0.1898518497583605,False,4.560667690734904
0,4.8043377916667716,-0.05017189146617572,-0.007000000000000003,-0.19397131166248174,0.0,0.0,0.10430908203125,-0.25114320312865746,False,4.553194588538114
0,4.818827409189538,-0.04804546202650801,-0.007000000000000003,-0.11663224781296928,0.0,0.0,0.051483154296875,-0.1716777098394773,False,4.64714969935006
0,4.787940478961726,-0.04892381685419266,-0.007000000000000003,-0.08368463368914437,0.0,0.0,0.028900146484375,-0.13960845054333704,False,4.648332028418389
0,4.806295328443818,-0.04582809062190145,-0.007000000000000003,-0.0824400568296175,0.0,0.0,0.0294189453125,-0.13526814745151897,False,4.671027180992299
0,4.8111237758438685,-0.04328447360445985,-0.007000000000000003,-0.08030058861172215,0.0,0.0,0.027587890625,-0.130585062216182,False,4.680538713627687
0,4.829421923311719,-0.04418618610212434,-0.007000000000000003,-0.07757266370147689,0.0,0.0,0.0260009765625,-0.12875884980360125,False,4.7006630735081165
0,4.874168350434855,-0.04270326389236006,-0.007000000000000003,-0.1222829580256261,0.0,0.0,0.0576171875,-0.17198622191798615,False,4.702182128516871
0,4.81613445667845,-0.043598731816941454,-0.007000000000000003,-0.06956309751180345,0.0,0.0,0.022125244140625,-0.12016182932874492,False,4.695972627349706
0,4.832578473726906,-0.039423630605589885,-0.007000000000000003,-0.0610346104359615,0.0,0.0,0.015869140625,-0.10745824104155138,False,4.725120232685355
0,4.800834441508849,-0.042297253802882476,-0.007000000000000003,-0.0663682079546162,0.0,0.0,0.0208740234375,-0.11566546175749869,False,4.68516897975135
0,4.8157902167125215,-0.03954105302340332,-0.007000000000000003,-0.06343714983042376,0.0,0.0,0.01953125,-0.10997820285382709,False,4.7058120138586945
0,4.844051523970525,-0.04016998263960593,-0.007000000000000003,-0.07427589414834686,0.0,0.0,0.026214599609375,-0.12144587678795278,False,4.722605647182572
0,4.852440563791859,-0.03993109367199013,-0.007000000000000003,-0.06990391938528694,0.0,0.0,0.024383544921875,-0.11683501305727707,False,4.735605550734582
0,4.856700824291384,-0.0406862708292294,-0.007000000000000003,-0.07445405146789441,0.0,0.0,0.0263671875,-0.12214032229712381,False,4.734560501994259
0,4.834882699031646,-0.04091230406174492,-0.007000000000000003,-0.07988580224643273,0.0,0.0,0.029296875,-0.12779810630817764,False,4.7070845927234695
0,4.876026760005926,-0.03678036268954805,-0.007000000000000003,-0.0881582405720765,0.0,0.0,0.037567138671875,-0.13193860326162454,False,4.744088156744302
0,4.895577254278413,-0.036601759852076386,-0.007000000000000003,-0.11818908945764872,0.0,0.0,0.05548095703125,-0.16179084930972512,False,4.733786404968688
0,4.893327994707084,-0.03631665994012919,-0.007000000000000003,-0.0804089121464001,0.0,0.0,0.031707763671875,-0.12372557208652932,False,4.7696024226205544
0,4.8610882142727965,-0.03721453778520402,-0.007000000000000003,-0.06210765651494606,0.0,0.0,0.020355224609375,-0.10632219430015008,False,4.754766019972647
0,4.8820361705456685,-0.03671631301716396,-0.007000000000000003,-0.060739478704314495,0.0,0.0,0.019378662109375,-0.10445579172147845,False,4.77758037882419
0,4.909098391634434,-0.036144598919796045,-0.007000000000000003,-0.08826400145170077,0.0,0.0,0.0364990234375,-0.13140860037149682,False,4.7776897912629375
0,4.861075196409614,-0.03685890780152661,-0.007000000000000003,-0.06832407434300597,0.0,0.0,0.026214599609375,-0.11218298214453258,False,4.748892214265082
0,4.930817366066721,-0.03228741483710931,-0.007000000000000003,-0.09897741455100863,0.0,0.0,0.043975830078125,-0.13826482938811793,False,4.792552536678604
0,4.899961731456662,-0.032297536998269934,-0.007000000000000003,-0.0783269752061431,0.0,0.0,0.030670166015625,-0.11762451220441304,False,4.782337219252249
0,4.883408791146907,-0.03197537414159336,-0.007000000000000003,-0.049939233927646993,0.0,0.0,0.0126953125,-0.08891460806924036,False,4.794494183077667
0,4.898802072360124,-0.03165872947384586,-0.007000000000000003,-0.042967697034189414,0.0,0.0,0.0087890625,-0.08162642650803527,False,4.817175645852089
0,4.918142015122941,-0.028727299954881925,-0.007000000000000003,-0.04802609883571043,0.0,0.0,0.012542724609375,-0.08375339879059235,False,4.834388616332349
0,4.927563000814215,-0.029701782836189853,-0.007000000000000003,-0.05558220682734685,0.0,0.0,0.017547607421875,-0.09228398966353672,False,4.835279011150678
0,4.964375678888203,-0.030842475354141207,-0.007000000000000003,-0.08661099215140823,0.0,0.0,0.036376953125,-0.12445346750554945,False,4.839922211382654
0,4.946363399191943,-0.029396064150640666,-0.007000000000000003,-0.06538266442938061,0.0,0.0,0.024322509765625,-0.10177872858002127,False,4.844584670611922
0,4.969061840735716,-0.03119098513063151,-0.007000000000000003,-0.09176002166716657,0.0,0.0,0.040496826171875,-0.12995100679779809,False,4.839110833937918
0,4.940366514413795,-0.029349327557920368,-0.007000000000000003,-0.06492739772932145,0.0,0.0,0.0238037109375,-0.10127672528724183,False,4.839089789126554
0,4.916099476231944,-0.03178853527684333,-0.007000000000000003,-0.05073769998870408,0.0,0.0,0.015106201171875,-0.0895262352655474,False,4.826573240966396
0,4.947222380563593,-0.02893004646818719,-0.007000000000000003,-0.04824115390064217,0.0,0.0,0.014190673828125,-0.08417120036882936,False,4.863051180194763
0,4.970083640883908,-0.03109870162471077,-0.007000000000000003,-0.06361987763234034,0.0,0.0,0.024261474609375,-0.1017185792570511,False,4.868365061626857
0,4.992858494339287,-0.028536087852131437,-0.007000000000000003,-0.10083702399150446,0.0,0.0,0.044921875,-0.13637311184363593,False,4.85648538249565
0,4.988104914067973,-0.030341174050393063,-0.007000000000000003,-0.10121812225574164,0.0,0.0,0.046722412109375,-0.13855929630613467,False,4.849545617761839
0,4.987377127071206,-0.03066353104385456,-0.007000000000000003,-0.12204534416774009,0.0,0.0,0.057037353515625,-0.15970887521159466,False,4.827668251859612
0,5.006710271749643,-0.028681548855706448,-0.007000000000000003,-0.10146265256126184,0.0,0.0,0.047454833984375,-0.1371442014169683,False,4.869566070332675
0,4.984580185713911,-0.028687486147901627,-0.007000000000000003,-0.05987675054217653,0.0,0.0,0.0213623046875,-0.09556423669007816,False,4.8890159490238325
0,4.99725507902744,-0.025224110292588336,-0.007000000000000003,-0.06458984851542943,0.0,0.0,0.02374267578125,-0.09681395880801777,False,4.900441120219422
0,5.024053203133878,-0.02758090046231105,-0.007000000000000003,-0.12345888735517069,0.0,0.0,0.056854248046875,-0.15803978781748174,False,4.866013415316396
0,5.034120309747506,-0.029235016572383248,-0.007000000000000003,-0.14070281634280507,0.0,0.0,0.065216064453125,-0.17693783291518833,False,4.8571824768323175
0,5.051797536277721,-0.025343948900310182,-0.007000000000000003,-0.10275710775552072,0.0,0.0,0.049835205078125,-0.1351010566558309,False,4.916696479621891
0,5.009005354514452,-0.025794898941779103,-0.007000000000000003,-0.07606318845495835,0.0,0.0,0.033233642578125,-0.10885808739673744,False,4.900147267117715
0,5.084768393787755,-0.03174755004785166,-0.007000000000000003,-0.14075862720833554,0.0,0.0,0.06878662109375,-0.17950617725618723,False,4.905262216531568
0,4.742538410689324,-0.0323486863841025,-0.007000000000000003,-0.14690293372743274,0.0,0.0,0.066192626953125,-0.18625162011153523,False,4.556286790577789
0,4.9371821034704055,-0.03139606794807682,-0.007000000000000003,-0.17397012501496817,0.0,0.0,0.087371826171875,-0.21236619296304501,False,4.72481591050736
0,4.327328865595094,-0.031032644310458338,-0.007000000000000003,-0.17926527504820133,0.0,0.0,0.078887939453125,-0.21729791935865966,False,4.110030946236434
0,4.802287664101876,-0.026625566490858912,-0.007000000000000003,-0.08588031274255817,0.0,0.0,0.031463623046875,-0.11950587923341707,False,4.6827817848684585
0,4.003040008529074,-0.030154330444046817,-0.007000000000000003,-0.11434925013963435,0.0,0.0,0.024993896484375,-0.15150358058368116,False,3.851536427945393
0,3.9694896471133605,-0.03192836856227446,-0.007000000000000003,-0.1369058958228459,0.0,0.0,0.031036376953125,-0.17583426438512037,False,3.793655382728241
0,4.231346765441625,-0.032696128127193164,-0.007000000000000003,-0.17007387270662003,0.0,0.0,0.058563232421875,-0.2097700008338132,False,4.021576764607812
0,4.3021155866071865,-0.028220849012529022,-0.007000000000000003,-0.15149223790382754,0.0,0.0,0.055328369140625,-0.18671308691635655,False,4.1154024996908305
0,4.086176149466247,-0.026443984553522322,-0.007000000000000003,-0.14894684019314136,0.0,0.0,0.033599853515625,-0.18239082474666368,False,3.9037853247195837
0,4.3887422344272515,-0.028193500502300975,-0.007000000000000003,-0.18765685279429278,0.0,0.0,0.061065673828125,-0.22285035329659375,False,4.165891881130658
0,4.535049060756088,-0.02373623589829471,-0.007000000000000003,-0.21961233386031673,0.0,0.0,0.085235595703125,-0.2503485697586114,False,4.284700490997476
0,4.395679469201491,-0.024365931334420794,-0.007000000000000003,-0.1756240830837553,0.0,0.0,0.06243896484375,-0.20699001441817608,False,4.188689454783315
0,4.276807663160549,-0.028581188465632294,-0.007000000000000003,-0.14523455750542946,0.0,0.0,0.044158935546875,-0.18081574597106176,False,4.095991917189487
0,4.136830457467228,-0.03160665217785953,-0.007000000000000003,-0.1500773472677,0.0,0.0,0.0364990234375,-0.18868399944555952,False,3.948146458021669
0,4.296229993947593,-0.027382947753204163,-0.007000000000000003,-0.16651267911689122,0.0,0.0,0.04840087890625,-0.20089562687009532,False,4.095334367077498
0,4.1226453825194564,-0.027301933659810845,-0.007000000000000003,-0.11085975057678982,0.0,0.0,0.029754638671875,-0.14516168423660067,False,3.977483698282856
0,4.129031434490264,-0.028040921689121943,-0.007000000000000003,-0.10194565924201912,0.0,0.0,0.022552490234375,-0.13698658093114108,False,3.992044853559123
0,4.401179019862354,-0.026302123687705597,-0.007000000000000003,-0.16272258331122078,0.0,0.0,0.05828857421875,-0.19602470699892638,False,4.205154312863428
0,4.161652702525019,-0.027441652056135437,-0.007000000000000003,-0.09173233942225835,0.0,0.0,0.019927978515625,-0.1261739914783938,False,4.0354787110466255
0,4.498210630559489,-0.025613403911986153,-0.007000000000000003,-0.3408404286786888,0.0,0.0,0.1650390625,-0.3734538325906749,False,4.124756797968815
0,4.046582780947358,-0.03195226395783928,-0.007000000000000003,-0.08556644695927434,0.0,0.0,0.0172119140625,-0.12451871091711363,False,3.9220640700302445
0,4.032916323896131,-0.025556181980861292,-0.007000000000000003,-0.18368656489740945,0.0,0.0,0.0728759765625,-0.21624274687827075,False,3.816673577017861
0,4.2045249026167015,-0.025457617395345182,-0.007000000000000003,-0.11743795611517707,0.0,0.0,0.0355224609375,-0.14989557351052224,False,4.05462932910618
0,4.233950224335592,-0.025520333569644893,-0.007000000000000003,-0.24283731471955253,0.0,0.0,0.109130859375,-0.2753576482891974,False,3.958592576046396
0,4.142675428506452,-0.025485738851749623,-0.007000000000000003,-0.21171149912427836,0.0,0.0,0.0869140625,-0.244197237976028,False,3.898478190530424
0,3.9867009354356275,-0.02799031577038931,-0.007000000000000003,-0.24454456358188034,0.0,0.0,0.0977783203125,-0.27953487935226967,False,3.707166056083358
0,4.060174114591586,-0.026260091780256466,-0.007000000000000003,-0.18069155119953484,0.0,0.0,0.072906494140625,-0.21395164297979133,False,3.846222471611794
0,3.9452458375536117,-0.030247933360023925,-0.007000000000000003,-0.18111700947423715,0.0,0.0,0.0662841796875,-0.21836494283426106,False,3.7268808947193506
0,4.093183624231523,-0.031091786356552176,-0.007000000000000003,-0.19427677209817082,0.0,0.0,0.075042724609375,-0.232368558454723,False,3.8608150657767997
0,4.072936097894649,-0.024765394938957304,-0.007000000000000003,-0.10339149072503108,0.0,0.0,0.03179931640625,-0.1351568856639884,False,3.9377792122306614
0,4.304079586399932,-0.022630606653054407,-0.007000000000000003,-0.11755924784104729,0.0,0.0,0.03851318359375,-0.14718985449410169,False,4.15688973190583
0,4.082067797244147,-0.029953329694743902,-0.007000000000000003,-0.1589248495116275,0.0,0.0,0.060028076171875,-0.1958781792063714,False,3.886189618037776
0,4.350515537320421,-0.024701232494696468,-0.007000000000000003,-0.1134243701380418,0.0,0.0,0.0374755859375,-0.14512560263273827,False,4.205389934687683
0,4.19020855165254,-0.021642748741072138,-0.007000000000000003,-0.1262744449078535,0.0,0.0,0.04345703125,-0.15491719364892564,False,4.035291358003614
0,4.591110749893687,-0.02411747169786353,-0.007000000000000003,-0.12057221794400433,0.0,0.0,0.040374755859375,-0.15168968964186785,False,4.439421060251819
0,4.39246238523678,-0.026623893536659442,-0.007000000000000003,-0.11402908546564014,0.0,0.0,0.040069580078125,-0.1476529790022996,False,4.244809406234481
0,4.3257492288514925,-0.02527938424535317,-0.007000000000000003,-0.11457359823351498,0.0,0.0,0.03271484375,-0.14685298247886816,False,4.178896246372624
0,4.346087206204549,-0.028687663193011772,-0.007000000000000003,-0.10913719757740273,0.0,0.0,0.03839111328125,-0.1448248607704145,False,4.2012623454341345
0,4.123442955523119,-0.024234510409153535,-0.007000000000000003,-0.09853258817443028,0.0,0.0,0.03289794921875,-0.12976709858358382,False,3.9936758569395354
0,4.174564753693108,-0.02576938343262526,-0.007000000000000003,-0.2694057739689116,0.0,0.0,0.141632080078125,-0.30217515740153683,False,3.8723895962915718
0,4.978577769376341,-0.022774009008560123,-0.007000000000000003,-0.20643376093113536,0.0,0.0,0.093353271484375,-0.2362077699396955,False,4.7423699994366455
0,4.004233954652808,-0.024287060353204683,-0.007000000000000003,-0.12375210527864398,0.0,0.0,0.04119873046875,-0.15503916563184866,False,3.8491947890209586
0,4.004731537532614,-0.026707232814602373,-0.007000000000000003,-0.09817399201335944,0.0,0.0,0.023040771484375,-0.13188122482796183,False,3.872850312704653
0,4.080525355259641,-0.02775058112817763,-0.007000000000000003,-0.07078630162081687,0.0,0.0,0.014923095703125,-0.1055368827489945,False,3.974988472510647
0,4.040697787872873,-0.02656609216431334,-0.007000000000000003,-0.08812852127434971,0.0,0.0,0.021820068359375,-0.12169461343866306,False,3.919003174434211
0,4.029979905356158,-0.026453702528036926,-0.007000000000000003,-0.1375241738025876,0.0,0.0,0.051300048828125,-0.1709778763306245,False,3.8590020290255334
0,4.375603509844557,-0.022973520319532578,-0.007000000000000003,-0.15492812858833738,0.0,0.0,0.064300537109375,-0.18490164890786992,False,4.190701860936687
0,4.325600032371868,-0.02698892662467062,-0.007000000000000003,-0.1703223170677377,0.0,0.0,0.0714111328125,-0.20431124369240833,False,4.121288788679459
0,4.099470712935261,-0.026139821092019816,-0.007000000000000003,-0.08847371780812256,0.0,0.0,0.02642822265625,-0.12161353890014238,False,3.977857174035119
0,4.4752364704358625,-0.025156530421985814,-0.007000000000000003,-0.14899936852507484,0.0,0.0,0.060211181640625,-0.18115589894706063,False,4.294080571488802
0,4.206710783223553,-0.022960442278947658,-0.007000000000000003,-0.09938769736224068,0.0,0.0,0.02685546875,-0.12934813964118833,False,4.077362643582365
0,4.038572088249084,-0.022928087918254896,-0.007000000000000003,-0.09297379886139291,0.0,0.0,0.024688720703125,-0.1229018867796478,False,3.915670201469436
0,4.232219104761035,-0.02391667460434878,-0.007000000000000003,-0.10829590485046656,0.0,0.0,0.034637451171875,-0.13921257945481533,False,4.09300652530622
0,4.283026548220263,-0.019897604038105386,-0.007000000000000003,-0.10776807362980727,0.0,0.0,0.033538818359375,-0.13466567766791265,False,4.1483608705523505
0,4.17337850374349,-0.021004851990606845,-0.007000000000000003,-0.10965336599888076,0.0,0.0,0.035430908203125,-0.13765821798948763,False,4.035720285754001
0,4.135994135044106,-0.024969024220927963,-0.007000000000000003,-0.08051890047116173,0.0,0.0,0.025177001953125,-0.11248792469208968,False,4.023506210352016
0,3.998050113259185,-0.024942742727692382,-0.007000000000000003,-0.16513469398699324,0.0,0.0,0.07257080078125,-0.19707743671468567,False,3.800972676544499
0,4.255731274146429,-0.021053213817167273,-0.007000000000000003,-0.12482680682847641,0.0,0.0,0.041595458984375,-0.1528800206456437,False,4.102851253500786
0,4.508908537222371,-0.02378209234116304,-0.007000000000000003,-0.1747002954490874,0.0,0.0,0.078460693359375,-0.20548238779025044,False,4.30342614943212
0,4.529303170067475,-0.02106363882304095,-0.007000000000000003,-0.1044792332682952,0.0,0.0,0.030914306640625,-0.13254287209133614,False,4.396760297976139
0,4.483398910727738,-0.024220347091667822,-0.007000000000000003,-0.10067693323652124,0.0,0.0,0.028961181640625,-0.13189728032818904,False,4.351501630399549
0,4.061099973694752,-0.022054779999047452,-0.007000000000000003,-0.08976156256048662,0.0,0.0,0.030029296875,-0.11881634255953408,False,3.9422836311352185
0,4.1475414068508965,-0.026397090488711156,-0.007000000000000003,-0.09326442172368893,0.0,0.0,0.031402587890625,-0.12666151221240007,False,4.020879894638496
0,4.208292261873194,-0.023688549536217064,-0.007000000000000003,-0.14118442476582196,0.0,0.0,0.053955078125,-0.17187297430203902,False,4.036419287571156
0,4.49830234173643,-0.021476072374928372,-0.007000000000000003,-0.20359798987796413,0.0,0.0,0.096405029296875,-0.23207406225289245,False,4.266228279483537
0,4.087629642711722,-0.025283956701071204,-0.007000000000000003,-0.07748826607156806,0.0,0.0,0.02392578125,-0.10977222277263926,False,3.9778574199390824
0,4.377750714671393,-0.02515254994110699,-0.007000000000000003,-0.08686686132708382,0.0,0.0,0.026885986328125,-0.1190194112681908,False,4.258731303403202
0,4.012105405865717,-0.02939039285680942,-0.007000000000000003,-0.08334987772747887,0.0,0.0,0.02203369140625,-0.11974027058428828,False,3.8923651352814286
0,4.437817277900679,-0.02368751661056241,-0.007000000000000003,-0.1455689029289203,0.0,0.0,0.04461669921875,-0.17625641953948268,False,4.261560858361197
0,4.516783300637432,-0.02483111212055293,-0.007000000000000003,-0.15339356814524624,0.0,0.0,0.051605224609375,-0.18522468026579916,False,4.3315586203716325
0,4.150929606228029,-0.02621106073250109,-0.007000000000000003,-0.10274874536486356,0.0,0.0,0.035614013671875,-0.13595980609736463,False,4.014969800130664
0,4.295420031088054,-0.02278168353737458,-0.007000000000000003,-0.1085611082432857,0.0,0.0,0.032470703125,-0.13834279178066028,False,4.157077239307394
0,4.200351786784263,-0.022859647793096287,-0.007000000000000003,-0.09660083552294768,0.0,0.0,0.028533935546875,-0.12646048331604398,False,4.073891303468219
0,4.251298683855563,-0.02162861614868302,-0.007000000000000003,-0.0940135719876844,0.0,0.0,0.030059814453125,-0.12264218813636742,False,4.128656495719195
0,4.520024564463274,-0.019018107597461434,-0.007000000000000003,-0.10158339278165962,0.0,0.0,0.025421142578125,-0.12760150037912105,False,4.392423064084152
0,4.163623703403941,-0.020126570622035475,-0.007000000000000003,-0.09903529287310259,0.0,0.0,0.0390625,-0.12616186349513805,False,4.0374618399088025
0,4.587553136606977,-0.020076095664270786,-0.007000000000000003,-0.09891282470304671,0.0,0.0,0.0277099609375,-0.1259889203673175,False,4.461564216239659
0,4.325080481165229,-0.022784632689596584,-0.007000000000000003,-0.203347597332964,0.0,0.0,0.112060546875,-0.2331322300225606,False,4.091948251142669
0,4.228577866588969,-0.022237814441733242,-0.007000000000000003,-0.08602754424364314,0.0,0.0,0.028106689453125,-0.1152653586853764,False,4.113312507903593
0,4.486022221882802,-0.022320636535108563,-0.007000000000000003,-0.12911920243116382,0.0,0.0,0.04437255859375,-0.15843983896627237,False,4.327582382916528
0,4.5996187273665186,-0.021464696243069722,-0.007000000000000003,-0.12284378739315283,0.0,0.0,0.0438232421875,-0.15130848363622254,False,4.448310243730296
0,4.298629347868735,-0.0189244034530973,-0.007000000000000003,-0.11801822101522993,0.0,0.0,0.0516357421875,-0.1439426244683272,False,4.154686723400408
0,4.371958141984994,-0.02185519284501015,-0.007000000000000003,-0.1583568182861152,0.0,0.0,0.06805419921875,-0.18721201113112534,False,4.184746130853869
0,4.388176869942901,-0.01930057172290932,-0.007000000000000003,-0.19528859299942478,0.0,0.0,0.096343994140625,-0.2215891647223341,False,4.166587705220567
0,4.457805889966276,-0.019715895746735865,-0.007000000000000003,-0.12594140626393535,0.0,0.0,0.0419921875,-0.15265730201067124,False,4.305148587955604
0,4.453302756972659,-0.02083998734485485,-0.007000000000000003,-0.146661306721438,0.0,0.0,0.05755615234375,-0.17450129406629286,False,4.278801462906365
0,4.660650566654967,-0.019835346865004228,-0.007000000000000003,-0.11351022179303223,0.0,0.0,0.03765869140625,-0.14034556865803646,False,4.520304997996931
0,4.854861432627388,-0.01819093962079496,-0.007000000000000003,-0.11837027766618327,0.0,0.0,0.031982421875,-0.14356121728697824,False,4.71130021534041
0,4.7467051662715285,-0.0186131807994851,-0.007000000000000003,-0.14476125536258788,0.0,0.0,0.0394287109375,-0.17037443616207298,False,4.576330730109455
0,4.533428388987273,-0.021456894113732444,-0.007000000000000003,-0.12478254025123771,0.0,0.0,0.038299560546875,-0.15323943436497015,False,4.380188954622303
0,4.062599679617199,-0.023683918534584212,-0.007000000000000003,-0.09119224282972853,0.0,0.0,0.03509521484375,-0.12187616136431277,False,3.940723518252886
0,4.977524914612803,-0.018549350109766133,-0.007000000000000003,-0.2114554370476901,0.0,0.0,0.077423095703125,-0.2370047871574562,False,4.740520127455347
0,5.130557700468285,-0.018502891969073933,-0.007000000000000003,-0.20327338019881172,0.0,0.0,0.063995361328125,-0.22877627216788565,False,4.901781428300399
0,4.529912817803742,-0.021272555457854135,-0.007000000000000003,-0.1252531612709323,0.0,0.0,0.043853759765625,-0.15352571672878645,False,4.376387101074956
0,4.811416343743437,-0.019160637753478905,-0.007000000000000003,-0.17247439648419263,0.0,0.0,0.057769775390625,-0.1986350342376716,False,4.612781309505765
0,4.764685694031685,-0.021463194343028433,-0.007000000000000003,-0.14410464984582771,0.0,0.0,0.04443359375,-0.17256784418885612,False,4.592117849842829
0,4.808457437573383,-0.020587191213330653,-0.007000000000000003,-0.11586546282062368,0.0,0.0,0.03338623046875,-0.14345265403395435,False,4.665004783539429
0,4.630075622907317,-0.020718219621946542,-0.007000000000000003,-0.09480933473971224,0.0,0.0,0.0225830078125,-0.12252755436165877,False,4.507548068545658
0,4.432334522855407,-0.021602905546068488,-0.007000000000000003,-0.1100533227169018,0.0,0.0,0.039276123046875,-0.13865622826297028,False,4.293678294592436
0,4.974852845076156,-0.018729355837559237,-0.007000000000000003,-0.14360573465424437,0.0,0.0,0.051971435546875,-0.16933509049180362,False,4.805517754584353
0,4.419321917616441,-0.02449297611360804,-0.007000000000000003,-0.11415480349946913,0.0,0.0,0.04266357421875,-0.14564777961307718,False,4.273674138003363
0,4.697172784175835,-0.019356104351596813,-0.007000000000000003,-0.12169088249463997,0.0,0.0,0.0443115234375,-0.1480469868462368,False,4.549125797329597
0,4.3780578091537095,-0.023441628131451675,-0.007000000000000003,-0.11951094684803967,0.0,0.0,0.046905517578125,-0.14995257497949133,False,4.228105234174218
0,4.988055765841786,-0.019288651519117198,-0.007000000000000003,-0.11007328476814662,0.0,0.0,0.03155517578125,-0.13636193628726384,False,4.851693829554521
0,4.196809985134657,-0.024944403950167372,-0.007000000000000003,-0.18560672568268394,0.0,0.0,0.097930908203125,-0.21755112963285128,False,3.9792588555018056
0,4.4145496866000125,-0.023276948489194708,-0.007000000000000003,-0.13060554042391814,0.0,0.0,0.05322265625,-0.16088248891311285,False,4.2536671976869
0,4.919305910946393,-0.017523976942654847,-0.007000000000000003,-0.12069245705875237,0.0,0.0,0.032501220703125,-0.1452164340014072,False,4.774089476944986
0,4.9330482864814895,-0.019874957961512438,-0.007000000000000003,-0.183354933553788,0.0,0.0,0.07379150390625,-0.2102298915153005,False,4.72281839496619
0,4.636283167911416,-0.022591955562402812,-0.007000000000000003,-0.1475865063859651,0.0,0.0,0.0538330078125,-0.17717846194836795,False,4.459104705963048
0,4.544250763380994,-0.02095875522511327,-0.007000000000000003,-0.10645019795943186,0.0,0.0,0.033935546875,-0.13440895318454515,False,4.409841810196449
0,5.033155043609647,-0.020693123486975627,-0.007000000000000003,-0.14983443729309576,0.0,0.0,0.052398681640625,-0.17752756078007137,False,4.855627482829576
0,5.060060073528413,-0.019289976509594645,-0.007000000000000003,-0.15083686534047747,0.0,0.0,0.04547119140625,-0.1771268418500721,False,4.882933231678341
0,4.927863083211191,-0.02015337340091522,-0.007000000000000003,-0.13175491362734482,0.0,0.0,0.040740966796875,-0.15890828702826004,False,4.768954796182931
0,4.903091014609204,-0.020376067961896865,-0.007000000000000003,-0.1526181384148733,0.0,0.0,0.062774658203125,-0.17999420637677016,False,4.723096808232435
0,4.769048548139152,-0.020696718373711894,-0.007000000000000003,-0.10053052785720842,0.0,0.0,0.034027099609375,-0.1282272462309203,False,4.640821301908231
0,5.030888347272845,-0.018706818090897047,-0.007000000000000003,-0.10621270536784015,0.0,0.0,0.035919189453125,-0.1319195234587372,False,4.8989688238141085
