,task_reward,velocity_penalty,position_penalty,acceleration_penalty,velocity_over_limit,position_over_limit,acceleration_over_limit,control_penalty,net_reward,goals_reached
0,0.705869056408013,-0.1882132718060629,-0.04900000000000001,-23.955411804764722,0.0,0.0,2.932037353515625,-24.192625076570792,-23.486756020162776,2
0,0.05230448739156568,-0.1927798964702384,-0.04900000000000001,-24.14343849844201,0.0,0.0,2.970550537109375,-24.38521839491225,-24.332913907520684,0
0,0.4834927079273401,-0.1968543527882236,-0.04900000000000001,-22.505618369500024,0.0,0.0,2.669036865234375,-22.75147272228825,-22.26798001436091,0
0,-0.25335157851730905,-0.20368918631918342,-0.04900000000000001,-20.216396444501896,0.0,0.0,2.222137451171875,-20.46908563082108,-20.722437209338388,0
0,-0.29313522646286194,-0.21487469593491848,-0.04900000000000001,-19.495310304944745,0.0,0.0,2.159698486328125,-19.75918500087966,-20.052320227342523,0
0,-0.3193367220917457,-0.2255634046125568,-0.04900000000000001,-18.07240993720752,0.0,0.0,1.9830322265625,-18.346973341820075,-18.666310063911823,0
0,-0.5080545901294689,-0.24033798006231177,-0.04900000000000001,-16.639357713603637,0.0,0.0,1.819427490234375,-16.92869569366595,-17.43675028379542,0
0,-0.15741676881951433,-0.26119352002284557,-0.04900000000000001,-14.488484464528865,0.0,0.0,1.593719482421875,-14.79867798455171,-14.956094753371225,0
0,-0.505923332967156,-0.28004340616631085,-0.04900000000000001,-13.540495723951315,0.0,0.0,1.513519287109375,-13.869539130117625,-14.375462463084782,0
0,0.2715156638081727,-0.2945940927226033,-0.04900000000000001,-11.928299636562308,0.0,0.0,1.34326171875,-12.27189372928491,-12.000378065476738,0
0,1.125461848107667,-0.3121126254314243,-0.049259580345161716,-10.927164167947245,0.0,0.0,1.259002685546875,-11.288536373723831,-10.163074525616164,0
0,1.0100981524850883,-0.32477846365160695,-0.055538533253287864,-9.823349490514191,0.0,0.0,1.151275634765625,-10.203666487419085,-9.193568334933996,0
0,0.2354786964223095,-0.3389208366609018,-0.16472101713151255,-9.048159525921019,0.0,0.0,1.08050537109375,-9.551801379713432,-9.316322683291123,0
0,0.7538860245540431,-0.3444264214105496,-0.18152834510049454,-8.686742686355725,0.0,0.0,1.052215576171875,-9.212697452866767,-8.458811428312725,0
0,0.10580792039357523,-0.34537514006582315,-0.41620089505715774,-8.406152042163399,0.0,0.0,1.0333251953125,-9.16772807728638,-9.061920156892805,0
0,0.4316520040161033,-0.34905573396855283,-0.24008249458584963,-8.080378130280142,0.0,0.0,1.0037841796875,-8.669516358834546,-8.237864354818441,0
0,0.9246053801201237,-0.3523727683093048,-0.3224831816556669,-8.000140078248084,0.0,0.0,0.999176025390625,-8.674996028213053,-7.750390648092932,0
0,1.2174527020072756,-0.36278649622863746,-0.25503596074017976,-7.854758400663313,0.0,0.0,0.968505859375,-8.47258085763213,-7.255128155624855,0
0,-0.2167455228390051,-0.3551333099297904,-0.469292065027196,-7.677277620518007,0.0,0.0,0.963165283203125,-8.501702995474993,-8.718448518313997,0
0,0.3738687107533537,-0.3537036652000893,-0.31049344223694036,-7.614250249048864,0.0,0.0,0.9539794921875,-8.278447356485895,-7.90457864573254,0
0,0.46552699083249643,-0.3517510582226354,-0.37736632552278154,-7.7348382415086885,0.0,0.0,0.970458984375,-8.463955625254105,-7.998428634421607,0
0,-0.12390302129513642,-0.3545814940105534,-0.40062978897737933,-7.371107467764181,0.0,0.0,0.915985107421875,-8.126318750752112,-8.250221772047249,0
0,0.44983329868604044,-0.35416933169332576,-0.29381794457970895,-7.452637769362532,0.0,0.0,0.8995361328125,-8.100625045635566,-7.650791746949525,0
0,0.801629789408126,-0.3543333046349169,-0.19056136581469532,-7.188467027730346,0.0,0.0,0.860870361328125,-7.733361698179959,-6.931731908771831,0
0,0.4130379233618608,-0.3530421678882486,-0.09413370762224985,-7.108436813802603,0.0,0.0,0.8076171875,-7.555612689313102,-7.142574765951241,0
0,-0.1289578463963717,-0.3497366463660916,-0.06922152692693603,-6.800675908411039,0.0,0.0,0.793060302734375,-7.219634081704065,-7.348591928100437,0
0,0.3428522690923795,-0.3535776322544962,-0.09079381772554991,-6.5377911750756565,0.0,0.0,0.732757568359375,-6.982162625055704,-6.639310355963325,0
0,0.16912416275001754,-0.35713945889223064,-0.1714605721771913,-6.097531753180624,0.0,0.0,0.677825927734375,-6.626131784250045,-6.457007621500027,0
0,0.013559424574065643,-0.3633717440967832,-0.19635328438500677,-6.360737208640814,0.0,0.0,0.684539794921875,-6.920462237122604,-6.906902812548538,0
0,0.047795375106127774,-0.3622715849460091,-0.14536187359519057,-5.994313076103446,0.0,0.0,0.648712158203125,-6.501946534644645,-6.454151159538517,0
0,-0.14166320634584573,-0.36946455186291066,-0.12130265703930064,-5.7942612585074755,0.0,0.0,0.60107421875,-6.285028467409687,-6.426691673755533,0
0,0.10268078223556337,-0.36366093998365695,-0.12730594847350277,-5.537310028554696,0.0,0.0,0.557037353515625,-6.028276917011855,-5.92559613477629,0
0,1.0984632490180972,-0.3598766358154217,-0.11174710266649812,-5.424512605365339,0.0,0.0,0.497650146484375,-5.8961363438472585,-4.797673094829162,0
0,1.0230372888843577,-0.3618759604276083,-0.07495597966340366,-5.500412622848165,0.0,0.0,0.498931884765625,-5.937244562939177,-4.914207274054819,0
0,0.8718222010240726,-0.36240559461936694,-0.05525447554315879,-4.828512347577732,0.0,0.0,0.44683837890625,-5.246172417740257,-4.374350216716185,0
0,0.5924429724843856,-0.3623957492334411,-0.06206970715254172,-5.23854942138054,0.0,0.0,0.449981689453125,-5.663014877766522,-5.0705719052821365,0
0,0.40506789199973386,-0.3585166827500251,-0.07990616000968619,-4.971263404494198,0.0,0.0,0.4317626953125,-5.40968624725391,-5.004618355254175,0
0,0.4113457557813305,-0.35787980872726105,-0.0656394396486415,-4.635031441512093,0.0,0.0,0.3677978515625,-5.058550689887996,-4.647204934106665,0
0,0.3923941627252076,-0.3517443134592,-0.054303057303958735,-4.582655123685976,0.0,0.0,0.3604736328125,-4.988702494449135,-4.596308331723927,0
0,0.6393437835625557,-0.35667870906438925,-0.050429438962237144,-4.826460382565697,0.0,0.0,0.37646484375,-5.233568530592324,-4.594224747029768,0
0,-0.4646939290398616,-0.35685650204391095,-0.06103437664681316,-3.9264008503718335,0.0,0.0,0.29541015625,-4.344291729062557,-4.808985658102419,0
0,-0.054699985925065836,-0.35617164681760227,-0.06454870563709748,-4.831994062309285,0.0,0.0,0.372955322265625,-5.252714414763984,-5.30741440068905,0
0,0.6383556691010638,-0.34962382318697094,-0.06128820208630754,-4.110129279263397,0.0,0.0,0.297760009765625,-4.521041304536675,-3.8826856354356116,0
0,1.1580943582098464,-0.35176349065301854,-0.06012472245060946,-3.958645033967337,0.0,0.0,0.265838623046875,-4.370533247070965,-3.2124388888611186,0
0,-0.07680750566781347,-0.34774291229798276,-0.11728631490055218,-3.6111096318823366,0.0,0.0,0.23956298828125,-4.076138859080871,-4.152946364748685,0
0,0.5447338601070313,-0.3532266035879043,-0.06564411215808819,-4.069896531140316,0.0,0.0,0.261444091796875,-4.488767246886307,-3.9440333867792767,0
0,0.7220570661675954,-0.34976855485343156,-0.07171694438464374,-4.1122414338254245,0.0,0.0,0.2672119140625,-4.5337269330635,-3.8116698668959037,0
0,0.0069306267966846025,-0.3455939480279678,-0.1564701137690742,-3.6214468575245924,0.0,0.0,0.2327880859375,-4.123510919321634,-4.11658029252495,0
0,0.35748370400098134,-0.34923062144507655,-0.12498387230924249,-3.546106252538606,0.0,0.0,0.2177734375,-4.020320746292925,-3.662837042291944,0
0,-0.28316067207416656,-0.3477341521760896,-0.16611144216062113,-3.127798960482613,0.0,0.0,0.190460205078125,-3.6416445548193233,-3.92480522689349,0
0,1.224268520916047,-0.3486803974466885,-0.08227324747270495,-3.5211184610502286,0.0,0.0,0.20440673828125,-3.9520721059696218,-2.7278035850535747,0
0,0.9443870153889496,-0.34456707804565556,-0.05448224082070067,-3.686883091166049,0.0,0.0,0.212921142578125,-4.085932410032405,-3.141545394643455,0
0,0.5966476406293935,-0.34239957439057944,-0.05703099564423519,-3.3414417676781842,0.0,0.0,0.205169677734375,-3.7408723377129993,-3.1442246970836054,0
0,0.06774948758948807,-0.3446968917485635,-0.0851136976334909,-3.315153064414785,0.0,0.0,0.18060302734375,-3.744963653796839,-3.677214166207351,0
0,0.52405133113748,-0.3372775829567673,-0.14380207820633212,-3.3759730170691213,0.0,0.0,0.18572998046875,-3.857052678232221,-3.3330013470947413,0
0,1.1537502533739161,-0.33566249886140387,-0.10864151071218975,-2.9080073944845766,0.0,0.0,0.152313232421875,-3.35231140405817,-2.198561150684254,0
0,0.7395299677333622,-0.33434748056707847,-0.07796574300882149,-2.837056265147865,0.0,0.0,0.150054931640625,-3.2493694887237643,-2.5098395209904023,0
0,0.3036383322589768,-0.33359599867341483,-0.08992361437499623,-3.122717650275847,0.0,0.0,0.152984619140625,-3.5462372633242585,-3.2425989310652814,0
0,-0.01915922206582961,-0.33419197859240646,-0.07667669541200833,-3.9266206370661783,0.0,0.0,0.202301025390625,-4.337489311070593,-4.356648533136422,0
0,0.07579693831877735,-0.33196103541964683,-0.0956303455429643,-3.4742148029359177,0.0,0.0,0.174835205078125,-3.9018061838985285,-3.8260092455797508,0
0,-0.4029084680771999,-0.33424937385737685,-0.12013841347747128,-3.258140084775745,0.0,0.0,0.16461181640625,-3.712527872110593,-4.115436340187793,0
0,0.7213121535239029,-0.33213916123361453,-0.12240775210194157,-3.0492617935494506,0.0,0.0,0.15570068359375,-3.503808706885006,-2.7824965533611032,0
0,0.4148612168509054,-0.3373002805712014,-0.09890006592773616,-3.017803928692728,0.0,0.0,0.165924072265625,-3.4540042751916653,-3.03914305834076,0
0,-0.5947446918647857,-0.33030049107206877,-0.10113644120516481,-2.735334496158099,0.0,0.0,0.1324462890625,-3.1667714284353323,-3.761516120300118,0
0,-0.2697359814869107,-0.3336805749733285,-0.08616859254643922,-2.685226886507404,0.0,0.0,0.144622802734375,-3.1050760540271716,-3.3748120355140827,0
0,0.1024956597149927,-0.3309747099563431,-0.05880634627600086,-2.749715603098286,0.0,0.0,0.145111083984375,-3.1394966593306304,-3.0370009996156373,0
0,0.621657768530757,-0.32644375028386863,-0.0700561890103538,-2.719318415899849,0.0,0.0,0.1341552734375,-3.1158183551940715,-2.4941605866633143,0
0,-0.4153809467564731,-0.32470442503320407,-0.06492822800646794,-3.1842766134098364,0.0,0.0,0.16766357421875,-3.5739092664495082,-3.9892902132059813,0
0,-0.2745309939248498,-0.32617087175216686,-0.06633403419192188,-2.631554649822508,0.0,0.0,0.130950927734375,-3.024059555766597,-3.298590549691447,0
0,-0.07407064056318537,-0.3219023841551749,-0.06319558875897376,-2.6539302208010556,0.0,0.0,0.121429443359375,-3.039028193715205,-3.1130988342783903,0
0,0.6957285081744051,-0.32544246866835724,-0.05943053126172354,-2.648551992398902,0.0,0.0,0.136505126953125,-3.033424992328983,-2.337696484154578,0
0,1.3198443819409138,-0.3224385344313072,-0.051412213953651836,-3.1843226171391112,0.0,0.0,0.1700439453125,-3.5581733655240706,-2.238328983583156,0
0,0.40752644814515415,-0.3281617217881756,-0.05699755033032984,-2.6471062005992607,0.0,0.0,0.1285400390625,-3.0322654727177665,-2.624739024572612,0
0,0.0939618933532689,-0.32608234262085767,-0.06646359302434027,-2.474445849995507,0.0,0.0,0.122589111328125,-2.866991785640705,-2.773029892287436,0
0,-0.2954382640716725,-0.32058932294735754,-0.07054613231214461,-2.611091958628426,0.0,0.0,0.122100830078125,-3.002227413887928,-3.2976656779596007,0
0,0.4178987012694927,-0.3250696956540672,-0.0501234116006996,-2.4646256997432534,0.0,0.0,0.121978759765625,-2.8398188069980197,-2.4219201057285273,0
0,0.3597735624424546,-0.3201737188013105,-0.05710393954289419,-2.330499857046884,0.0,0.0,0.11077880859375,-2.7077775153910886,-2.3480039529486336,0
0,0.36067059922111055,-0.3210427853610231,-0.06446217171061772,-2.2785578148624017,0.0,0.0,0.116119384765625,-2.6640627719340424,-2.3033921727129316,0
0,-0.27974212500640105,-0.3181453511508143,-0.06463129614655598,-2.4546783600262354,0.0,0.0,0.133697509765625,-2.8374550073236056,-3.1171971323300065,0
0,-0.8636458963240754,-0.3214130032825477,-0.10785961136246547,-2.4325336718429216,0.0,0.0,0.118804931640625,-2.861806286487935,-3.72545218281201,0
0,0.6707091114669224,-0.31792363408717705,-0.09456336959135221,-2.5561870116519483,0.0,0.0,0.122772216796875,-2.968674015330478,-2.2979649038635555,0
0,1.1181390384532925,-0.3221032224566834,-0.07977492112236698,-2.5542210766555,0.0,0.0,0.124969482421875,-2.95609922023455,-1.8379601817812576,0
0,0.5186481168755276,-0.3201309555367453,-0.06839025603105629,-2.3550265654002076,0.0,0.0,0.11187744140625,-2.743547776968009,-2.2248996600924813,0
0,0.3788661444346226,-0.3215288412877714,-0.09298393997751785,-2.319998233701929,0.0,0.0,0.1126708984375,-2.734511014967218,-2.3556448705325956,0
0,0.757710243178262,-0.315410767349297,-0.09433618972450963,-2.1639404592778817,0.0,0.0,0.111297607421875,-2.5736874163516887,-1.8159771731734264,0
0,0.23072250534975078,-0.3203234136617964,-0.09378851134128659,-2.0544741338439785,0.0,0.0,0.0986328125,-2.4685860588470616,-2.2378635534973106,0
0,0.9098457170892973,-0.3146526650683098,-0.10188521237269586,-2.2892310291383504,0.0,0.0,0.11834716796875,-2.7057689065793555,-1.7959231894900585,0
0,0.22415015630961405,-0.318590612552121,-0.07692919952227259,-2.433318956904493,0.0,0.0,0.1214599609375,-2.828838768978886,-2.6046886126692725,0
0,-0.33142356368581805,-0.31486778572778806,-0.08875906177567705,-2.308287701901056,0.0,0.0,0.106597900390625,-2.711914549404521,-3.043338113090339,0
0,0.30991288363601605,-0.3152016442501083,-0.05028559757568493,-2.1231368767101912,0.0,0.0,0.10235595703125,-2.4886241185359843,-2.178711234899968,0
0,0.5881662362677781,-0.3195178909502398,-0.05749984228979356,-2.4524064549160762,0.0,0.0,0.111114501953125,-2.8294241881561097,-2.2412579518883313,0
0,-0.13466378685982483,-0.3163548612413835,-0.08044040760005775,-2.267541305338491,0.0,0.0,0.117401123046875,-2.664336574179932,-2.7990003610397567,0
0,0.7652291458763234,-0.31766642025125014,-0.07240586035027319,-2.0074344525874372,0.0,0.0,0.095001220703125,-2.397506733188961,-1.6322775873126372,0
0,-0.36483188920426657,-0.3185618846430137,-0.07135603796539544,-2.376245662833914,0.0,0.0,0.120574951171875,-2.766163585442323,-3.13099547464659,0
0,-0.2752230159547463,-0.31323011217837354,-0.05460051796828088,-2.1827176199800435,0.0,0.0,0.1053466796875,-2.5505482501266976,-2.8257712660814445,0
0,0.58781821137358,-0.31264722074735596,-0.06776743734340555,-2.1765706134809797,0.0,0.0,0.107208251953125,-2.556985271571741,-1.9691670601981615,0
0,0.2206157591595796,-0.3160208493311885,-0.08769288585703713,-2.1471759933001664,0.0,0.0,0.106353759765625,-2.550889728488392,-2.330273969328813,0
0,-0.22557005294145,-0.3166922639026421,-0.06890371106169343,-1.9822837771710473,0.0,0.0,0.0989990234375,-2.3678797521353827,-2.5934498050768324,0
0,0.9117135392547154,-0.31664816069406043,-0.08273173776632858,-1.9307115360476865,0.0,0.0,0.09893798828125,-2.3300914345080757,-1.4183778952533603,0
0,1.1198405685664186,-0.3089443819318844,-0.10403442474615601,-1.9600576038468331,0.0,0.0,0.10406494140625,-2.373036410524873,-1.2531958419584552,0
0,0.10660546839029544,-0.3136041333331944,-0.060664798608634246,-2.1042588416569683,0.0,0.0,0.109344482421875,-2.4785277735987967,-2.3719223052085017,0
0,0.33801621917801317,-0.3203149562803214,-0.060088454759147585,-2.2044766521078163,0.0,0.0,0.1075439453125,-2.584880063147285,-2.2468638439692716,0
0,0.6924958444522078,-0.313153274925527,-0.06369533010799316,-2.3471685720766313,0.0,0.0,0.114288330078125,-2.7240171771101513,-2.031521332657944,0
0,0.16002273776605538,-0.3158732104865317,-0.06860968720320534,-2.019789091475729,0.0,0.0,0.102447509765625,-2.4042719891654665,-2.244249251399411,0
0,0.18050584426391408,-0.31539924646685125,-0.05647043022544401,-2.226809942442863,0.0,0.0,0.1156005859375,-2.5986796191351584,-2.418173774871244,0
0,-0.4853444035219937,-0.3070147262169559,-0.05165105499796012,-1.833672178624317,0.0,0.0,0.095367431640625,-2.192337959839233,-2.677682363361227,0
0,0.18459119617286113,-0.31170542743599566,-0.05863801341605064,-1.878069195829187,0.0,0.0,0.097869873046875,-2.248412636681233,-2.063821440508372,0
0,1.2430696423730963,-0.31258295832029054,-0.055468088816035155,-1.8371926683625928,0.0,0.0,0.09844970703125,-2.2052437154989186,-0.9621740731258221,0
0,0.6668581383833698,-0.31339868606671917,-0.061145367978245393,-1.9495058045621985,0.0,0.0,0.100311279296875,-2.3240498586071627,-1.6571917202237931,0
0,0.624101157530129,-0.3086073630392014,-0.08756263462157625,-2.1901070188110587,0.0,0.0,0.10223388671875,-2.5862770164718363,-1.962175858941707,0
0,0.5096443079822452,-0.3141509109851461,-0.128511384432562,-2.041656769085088,0.0,0.0,0.1021728515625,-2.4843190645027966,-1.9746747565205511,0
0,0.3667698462192225,-0.3112546858325681,-0.1550603849543188,-2.1256458156861315,0.0,0.0,0.101409912109375,-2.5919608864730184,-2.225191040253796,0
0,-0.3018929761319097,-0.3093570538324906,-0.1873280314879298,-1.9521135070969904,0.0,0.0,0.100372314453125,-2.448798592417411,-2.7506915685493207,0
0,0.38641434710183925,-0.310951811019777,-0.14693046437388907,-1.9182998349953575,0.0,0.0,0.096099853515625,-2.3761821103890237,-1.9897677632871846,0
0,0.6841410791412692,-0.31188864540991856,-0.0803753774822063,-2.0874739043365964,0.0,0.0,0.108062744140625,-2.4797379272287214,-1.795596848087452,0
0,0.2559987466852062,-0.3167085231766087,-0.06516068381850511,-1.9114645851009264,0.0,0.0,0.093505859375,-2.29333379209604,-2.037335045410834,0
0,0.17449330421109066,-0.30792186824973333,-0.1228941912035496,-2.1823881931950395,0.0,0.0,0.1119384765625,-2.6132042526483223,-2.4387109484372314,0
0,-0.06164108724128525,-0.30949367317752874,-0.08304442835960811,-1.9515662076108997,0.0,0.0,0.093505859375,-2.3441043091480367,-2.4057453963893223,0
0,0.4795600223719276,-0.30918653749226144,-0.10408596094232335,-1.8244261559684916,0.0,0.0,0.092010498046875,-2.2376986544030766,-1.758138632031149,0
0,-0.14721992849826573,-0.30944329186361685,-0.09373992497302601,-2.078196077343642,0.0,0.0,0.104248046875,-2.481379294180284,-2.62859922267855,0
0,-0.6225831876345123,-0.3125589733566059,-0.055302734039660274,-1.8537498631725924,0.0,0.0,0.105987548828125,-2.2216115705688586,-2.844194758203371,0
0,0.1606633869652721,-0.3126211167961578,-0.06289120676384155,-1.937055467806743,0.0,0.0,0.097686767578125,-2.3125677913667424,-2.1519044044014706,0
0,0.2083135893361161,-0.31062432156588554,-0.0672479652817424,-1.7204826364356558,0.0,0.0,0.091705322265625,-2.098354923283284,-1.8900413339471678,0
0,0.14189229458817637,-0.3083402739364466,-0.054302292015594125,-1.8704479709802606,0.0,0.0,0.09515380859375,-2.233090536932301,-2.0911982423441247,0
0,0.07728970888226944,-0.31010360669922943,-0.05135402476972352,-2.1511205681722427,0.0,0.0,0.113677978515625,-2.5125781996411956,-2.4352884907589263,0
0,0.42941539211712887,-0.3098944719538004,-0.06310137445673548,-1.7914774790670904,0.0,0.0,0.0966796875,-2.1644733254776263,-1.7350579333604972,0
0,0.05641140663085564,-0.3170005175640189,-0.05497031869961144,-1.8581549211387627,0.0,0.0,0.094390869140625,-2.2301257574023934,-2.1737143507715375,0
0,0.4067287749577577,-0.31379686308867333,-0.08278242178490446,-1.7609930274293175,0.0,0.0,0.090545654296875,-2.157572312302895,-1.7508435373451372,0
0,-0.3022206832670029,-0.31189158917274307,-0.07728388235806093,-2.0649827703057766,0.0,0.0,0.105621337890625,-2.4541582418365806,-2.756378925103583,0
0,-0.19846578458300088,-0.3105430684150037,-0.08223186881498418,-1.842096941547945,0.0,0.0,0.097747802734375,-2.2348718787779327,-2.433337663360934,0
0,0.7189991093621718,-0.3170360528181581,-0.0684047978388401,-1.8532271549230657,0.0,0.0,0.0931396484375,-2.238668005580064,-1.519668896217892,0
0,-0.20283663225255727,-0.30815052083032796,-0.06539874971323237,-1.7635367108620272,0.0,0.0,0.09259033203125,-2.137085981405588,-2.3399226136581452,0
0,0.06763061666389546,-0.3093706193979458,-0.0815762203734342,-1.908131183299733,0.0,0.0,0.099273681640625,-2.2990780230711128,-2.2314474064072174,0
0,-0.17309147028628086,-0.3130006791471927,-0.08227540076409037,-2.405315862397874,0.0,0.0,0.1591796875,-2.8005919423091568,-2.9736834125954377,0
0,0.1529608733930652,-0.31368528269935136,-0.06296430940137014,-1.9928342338075646,0.0,0.0,0.10302734375,-2.3694838259082864,-2.216522952515221,0
0,-0.02732493616865944,-0.3172968937240052,-0.06531383918108116,-1.8316427443812051,0.0,0.0,0.093475341796875,-2.2142534772862916,-2.241578413454951,0
0,0.32312429487960764,-0.3155682032861151,-0.11795959893855465,-2.100532247300035,0.0,0.0,0.10333251953125,-2.534060049524705,-2.2109357546450976,0
0,-0.02549100932034426,-0.31070251359700807,-0.07546121787642047,-1.8814932284133978,0.0,0.0,0.102691650390625,-2.2676569598868266,-2.293147969207171,0
0,0.4416584049835529,-0.314836681708655,-0.06053656258022527,-1.8167337827814998,0.0,0.0,0.095123291015625,-2.1921070270703797,-1.7504486220868272,0
0,0.1236450913405994,-0.31338601729896554,-0.06559344212829452,-1.944074314503255,0.0,0.0,0.09552001953125,-2.323053773930515,-2.1994086825899157,0
0,0.8366449483139253,-0.30769468159154917,-0.0689313502929103,-1.9356676184073751,0.0,0.0,0.10052490234375,-2.312293650291835,-1.4756487019779092,0
0,-0.0966603616284637,-0.30959300261696243,-0.08124195745506771,-1.7955633921908256,0.0,0.0,0.0980224609375,-2.186398352262856,-2.283058713891319,0
0,1.197358786829907,-0.3163446993923156,-0.1038967445858821,-1.913517831545228,0.0,0.0,0.094329833984375,-2.3337592755234255,-1.1364004886935186,0
0,0.18476857403588964,-0.31294202959919265,-0.10265138460149364,-1.7464373329321599,0.0,0.0,0.09088134765625,-2.1620307471328464,-1.9772621730969564,0
0,0.8394808997751245,-0.3120140901042674,-0.07599768109154383,-1.901888565121658,0.0,0.0,0.09619140625,-2.289900336317469,-1.4504194365423442,0
0,0.013498509772071482,-0.31518098979032305,-0.08965414160284152,-1.8422431078621615,0.0,0.0,0.1007080078125,-2.247078239255326,-2.2335797294832545,0
0,-0.1166319603106139,-0.31245532920601776,-0.08420976025303101,-1.7677768810479102,0.0,0.0,0.0941162109375,-2.1644419705069584,-2.2810739308175725,0
0,0.7309937186156213,-0.31346883533424535,-0.05474198348823264,-1.8235956859875402,0.0,0.0,0.092437744140625,-2.1918065048100184,-1.4608127861943967,0
0,0.35389030072048977,-0.3108553381933711,-0.06700500330615022,-1.7656869462795157,0.0,0.0,0.092529296875,-2.143547287779037,-1.7896569870585473,0
0,1.181449168311401,-0.3046169736275203,-0.05865897577592949,-1.783732906226172,0.0,0.0,0.098297119140625,-2.147008855629622,-0.9655596873182208,0
0,0.43091985767387214,-0.30754294059886844,-0.05319372576343911,-1.686905853421551,0.0,0.0,0.092987060546875,-2.047642519783859,-1.6167226621099864,0
0,0.832681063036143,-0.3106637402999834,-0.0716890797977516,-2.0718511934051245,0.0,0.0,0.14434814453125,-2.4542040135028595,-1.6215229504667166,0
0,-0.49844983097430523,-0.30607326029988363,-0.05955243882134907,-1.7098887417624329,0.0,0.0,0.093414306640625,-2.0755144408836657,-2.573964271857971,0
0,-0.37880246435968323,-0.30874842539719377,-0.08106474336745889,-1.785715133099346,0.0,0.0,0.09942626953125,-2.1755283018639986,-2.5543307662236816,0
0,0.27469385381033296,-0.30984761447345577,-0.10432576639762653,-1.73856178172047,0.0,0.0,0.09613037109375,-2.152735162591552,-1.8780413087812196,0
0,-0.7373094736509219,-0.3099046661509026,-0.1530007197884514,-1.7834206259616625,0.0,0.0,0.093658447265625,-2.2463260119010164,-2.9836354855519387,0
0,0.40120765106081585,-0.3107913698220859,-0.19281686081343224,-1.6697897723530235,0.0,0.0,0.089996337890625,-2.1733980029885416,-1.772190351927726,0
0,0.10601458895022761,-0.30521753886588,-0.12382673071739236,-1.6072984410770754,0.0,0.0,0.095184326171875,-2.0363427106603478,-1.9303281217101205,0
0,0.4725058635316236,-0.3077823784999299,-0.1778667936144227,-1.6254660860246162,0.0,0.0,0.09307861328125,-2.1111152581389687,-1.6386093946073454,0
0,0.9783389431825806,-0.30924687196122497,-0.11806200777534358,-1.7833468569028823,0.0,0.0,0.096771240234375,-2.210655736639451,-1.2323167934568704,0
0,-0.08142670892806211,-0.30457922647412045,-0.13492691305156035,-1.6684217788040625,0.0,0.0,0.095001220703125,-2.1079279183297435,-2.1893546272578055,0
0,0.1829328513983458,-0.3093112114665036,-0.08952612800194945,-1.740002744991032,0.0,0.0,0.093994140625,-2.1388400844594853,-1.9559072330611393,0
0,0.0024845178245723187,-0.30526750547371007,-0.07067181821437278,-1.662920141843869,0.0,0.0,0.09710693359375,-2.0388594655319516,-2.0363749477073796,0
0,-0.28029401773063045,-0.30359348794186364,-0.06803740940835916,-1.5154788747596948,0.0,0.0,0.08795166015625,-1.8871097721099175,-2.167403789840548,0
0,1.1781811765451398,-0.30930151146367035,-0.07646138727239057,-1.639749276134224,0.0,0.0,0.09033203125,-2.0255121748702845,-0.8473309983251451,0
0,0.7385016966878697,-0.3078393114511852,-0.08439340417660127,-1.5354987515211658,0.0,0.0,0.08917236328125,-1.927731467148952,-1.1892297704610826,0
0,0.15240914057417984,-0.3068420204756168,-0.08643013516792922,-1.7338768537433564,0.0,0.0,0.1019287109375,-2.1271490093869025,-1.9747398688127225,0
0,-0.32819596431124265,-0.304526106616485,-0.0674759940686692,-1.5461916523375454,0.0,0.0,0.089691162109375,-1.9181937530226998,-2.246389717333942,0
0,-0.6410394696825135,-0.2993698122986689,-0.11051866243352942,-1.5143068301684988,0.0,0.0,0.090789794921875,-1.9241953049006972,-2.565234774583211,0
0,0.14464370067919968,-0.30458987394191706,-0.0666701342311489,-1.4931447959499078,0.0,0.0,0.090240478515625,-1.8644048041229737,-1.719761103443774,0
0,0.38356888867617145,-0.30568818715603174,-0.0536914243816902,-1.6839585913589163,0.0,0.0,0.105010986328125,-2.0433382028966385,-1.6597693142204668,0
0,0.9468560135536529,-0.30263929252149085,-0.08935030505182164,-1.504232148757756,0.0,0.0,0.0914306640625,-1.8962217463310682,-0.9493657327774155,0
0,0.5300532266607919,-0.2981970970191311,-0.061765072554312614,-1.651584119602628,0.0,0.0,0.095062255859375,-2.0115462891760716,-1.4814930625152796,0
0,0.103786387687755,-0.299967498752418,-0.06232920579383361,-1.5090754789267518,0.0,0.0,0.09088134765625,-1.8713721834730035,-1.7675857957852479,0
0,0.35375449315060536,-0.3049639659021923,-0.09899364276702774,-1.687639590242504,0.0,0.0,0.100799560546875,-2.091597198911724,-1.7378427057611185,0
0,0.5223294084422365,-0.29656642300171965,-0.12429123025973039,-1.7358185781097708,0.0,0.0,0.102142333984375,-2.156676231371221,-1.634346822928984,0
0,0.13427841652135747,-0.29840030538611556,-0.10195565994887891,-1.5447115046365245,0.0,0.0,0.093292236328125,-1.945067469971519,-1.8107890534501612,0
0,0.6477261486574275,-0.3043944775037842,-0.09106449196688093,-1.4167923234533384,0.0,0.0,0.08837890625,-1.8122512929240036,-1.1645251442665758,0
0,-0.8683174241993842,-0.3090216535833998,-0.06652588405260317,-1.4842177349710268,0.0,0.0,0.092376708984375,-1.8597652726070297,-2.7280826968064136,0
0,0.9611524753035852,-0.29968288938684895,-0.08365677126491283,-1.7436183925864936,0.0,0.0,0.105255126953125,-2.1269580532382557,-1.1658055779346705,0
0,-0.26382903147148706,-0.299252544754221,-0.07492179504699505,-1.5815343749867345,0.0,0.0,0.093963623046875,-1.9557087147879502,-2.2195377462594377,0
0,-0.39009770264016247,-0.3120380676475258,-0.07784329903828585,-1.556745054257774,0.0,0.0,0.090484619140625,-1.9466264209435857,-2.336724123583748,0
0,0.9381773883315198,-0.304809242680955,-0.06832753672158172,-1.6580983204100392,0.0,0.0,0.10137939453125,-2.0312350998125757,-1.093057711481056,0
0,-0.01956125434406847,-0.3044275178447038,-0.06910611614835457,-1.7266589232551564,0.0,0.0,0.1031494140625,-2.1001925572482145,-2.119753811592283,0
