,task_reward,velocity_penalty,position_penalty,acceleration_penalty,velocity_over_limit,position_over_limit,acceleration_over_limit,control_penalty,c_hockey_puck-table,c_panda0_finger1-hockey_puck,c_panda0_finger2-hockey_puck,c_panda0_finger1-table,c_panda0_finger2-table,contact_hockey_puck-table,contact_panda0_finger1-hockey_puck,contact_panda0_finger2-hockey_puck,contact_panda0_finger1-table,contact_panda0_finger2-table,net_reward,goals_reached
0,3.30583715069775,-0.08378222885585994,-0.021,-10.22905394459107,0.0,0.0,2.871185302734375,-10.33383617344693,5.221002444791213e-07,0.0,0.0,0.0,0.0,0.98388671875,0.0,0.0,0.0,0.0,-7.0279995448494255,0
0,3.443450710780165,-0.08233650696222763,-0.021,-10.276911969940514,0.0,0.0,2.93731689453125,-10.380248476902743,4.2207328837123795e-07,0.0,0.0,0.0,0.0,0.9857177734375,0.0,0.0,0.0,0.0,-6.936798188195866,0
0,4.508544808699444,-0.08296960042345362,-0.021,-9.161617549511849,0.0,0.0,2.4769287109375,-9.265587149935303,4.221148218067314e-07,0.0,0.0,0.0,0.0,0.9859619140625,0.0,0.0,0.0,0.0,-4.7570427633506815,0
0,2.897088512108521,-0.08623966212876309,-0.021,-8.189205245265162,0.0,0.0,2.14752197265625,-8.296444907393926,4.2208174770800394e-07,0.0,0.0,0.0,0.0,0.985137939453125,0.0,0.0,0.0,0.0,-5.399356817367152,0
0,3.8730728891279753,-0.09353208562388798,-0.026711641161242455,-7.093909012157272,0.0,0.0,1.832061767578125,-7.214152738942403,4.220435188247252e-07,0.0,0.0,0.0,0.0,0.985260009765625,0.0,0.0,0.0,0.0,-3.341080271857946,0
0,3.3401399905739053,-0.10176304430059868,-0.42257568577786353,-6.2397012180606115,0.0,0.001190185546875,1.665771484375,-6.764039948139073,4.2204910238820406e-07,0.0,0.0,0.0,0.0,0.98590087890625,0.0,0.0,0.0,0.0,-3.42390037961427,0
0,3.1230718829239175,-0.10321991336729473,-0.9531755014519525,-6.1248460273724525,0.0,0.009613037109375,1.676849365234375,-7.1812414421917,4.2211774155005296e-07,0.0,0.0,0.0,0.0,0.985687255859375,0.0,0.0,0.0,0.0,-4.058169981385525,0
0,3.5391672308566684,-0.10535364788030721,-1.0515392452022116,-6.077253664005921,0.0,0.008697509765625,1.66650390625,-7.23414655708844,4.2208009461687435e-07,0.0,0.0,0.0,0.0,0.985443115234375,0.0,0.0,0.0,0.0,-3.6949797483118663,0
0,3.5950077172234094,-0.10667015114342134,-1.3385391399970277,-6.162193279944855,0.0,0.01348876953125,1.672882080078125,-7.607402571085304,4.220751714717537e-07,0.0,0.0,0.0,0.0,0.985595703125,0.0,0.0,0.0,0.0,-4.012395275937065,16
0,2.6883501178832936,-0.11332373798777037,-1.230121522258188,-6.219989456976766,0.0,0.016387939453125,1.6881103515625,-7.563434717222725,4.220951216115275e-07,0.0,0.0,0.0,0.0,0.985321044921875,0.0,0.0,0.0,0.0,-4.875085021434553,0
0,3.0772347262788307,-0.11401220324204897,-1.311807254957435,-5.785413178514519,0.0,0.024810791015625,1.579681396484375,-7.211232636714004,5.221304330770887e-07,0.0,0.0,0.0,0.0,0.983154296875,0.0,0.0,0.0,0.0,-4.133998432565606,0
0,2.9144147538695675,-0.11639773306176948,-1.500924361041249,-5.046160924408989,0.0,0.05389404296875,1.350830078125,-6.663483018512007,4.220027200650606e-07,0.0,0.0,0.0,0.0,0.98541259765625,0.0,0.0,0.0,0.0,-3.749068686645159,0
0,3.439773444494111,-0.1171457463662916,-1.5613760074849679,-4.731665556703509,0.0,0.06695556640625,1.24896240234375,-6.410187310554767,4.220639530846012e-07,0.0,0.0,0.0,0.0,0.98553466796875,0.0,0.0,0.0,0.0,-2.9704142881246103,16
0,4.220047712264039,-0.11468522318973214,-1.7843081025631076,-3.7054868048438987,0.0,0.116668701171875,0.959503173828125,-5.604480130596738,4.220534085178312e-07,0.0,0.0,0.0,0.0,0.98443603515625,0.0,0.0,0.0,0.0,-1.3844328403861081,0
0,3.539981227204803,-0.11635126898695108,-1.6248304269487293,-3.415868888301628,0.0,0.127685546875,0.8675537109375,-5.157050584237308,4.220526983668126e-07,0.0,0.0,0.0,0.0,0.986053466796875,0.0,0.0,0.0,0.0,-1.617069779085204,0
0,3.63199276675566,-0.11670519804393098,-1.529078147787875,-3.3091015020385144,0.0,0.1094970703125,0.82733154296875,-4.95488484787032,4.220376648301124e-07,0.0,0.0,0.0,0.0,0.98529052734375,0.0,0.0,0.0,0.0,-1.3228925031523244,0
0,3.3116716342223906,-0.11555053974654739,-1.7830653664807106,-3.0322369066166828,0.0,0.17437744140625,0.73724365234375,-4.9308528128439395,4.221087749046783e-07,0.0,0.0,0.0,0.0,0.985382080078125,0.0,0.0,0.0,0.0,-1.6191816007303244,0
0,2.9321400926097976,-0.11145582737256834,-1.3738661270531543,-2.8055743569999376,0.0,0.104461669921875,0.661224365234375,-4.2908963114256595,4.220784030619803e-07,0.0,0.0,0.0,0.0,0.98529052734375,0.0,0.0,0.0,0.0,-1.3587566408942648,0
0,4.156632378222746,-0.11243969075865023,-0.9182582368815679,-2.543518780688852,0.0,0.03790283203125,0.581085205078125,-3.5742167083290695,4.220952639696225e-07,0.0,0.0,0.0,0.0,0.986236572265625,0.0,0.0,0.0,0.0,0.5824152477984116,0
0,4.371150181992267,-0.11253534364261658,-0.9953734673491319,-2.522016882664497,0.0,0.03399658203125,0.597808837890625,-3.6299256936562445,4.2206788621048115e-07,0.0,0.0,0.0,0.0,0.985321044921875,0.0,0.0,0.0,0.0,0.7412240662681362,0
0,3.1097523438406696,-0.10924981255883331,-0.963594598006791,-2.4619290696101066,0.0,0.037872314453125,0.569976806640625,-3.5347734801757302,5.221152940418907e-07,0.0,0.0,0.0,0.0,0.982818603515625,0.0,0.0,0.0,0.0,-0.4250216584503552,16
0,3.6168391724528313,-0.11022437036126387,-0.7916290452930551,-2.247383002791012,0.0,0.0101318359375,0.50164794921875,-3.149236418445331,4.2200874945180115e-07,0.0,0.0,0.0,0.0,0.98504638671875,0.0,0.0,0.0,0.0,0.46760233199875106,0
0,3.8780190092100284,-0.10850041306295999,-0.38010537095131924,-2.2359933237404297,0.0,0.0018310546875,0.49627685546875,-2.7245991077547087,4.2205074649650483e-07,0.0,0.0,0.0,0.0,0.9853515625,0.0,0.0,0.0,0.0,1.1534194794045731,16
0,3.622596216794117,-0.10889435234923828,-0.22132798892346583,-2.157067335786188,0.0,0.000885009765625,0.481964111328125,-2.487289677058892,4.2206280360715196e-07,0.0,0.0,0.0,0.0,0.98516845703125,0.0,0.0,0.0,0.0,1.1353061176724215,0
0,3.0062189064098552,-0.10682599474289903,-0.16196339519455458,-2.3137923689045596,0.0,0.000152587890625,0.50677490234375,-2.582581758842013,4.22062603825204e-07,0.0,0.0,0.0,0.0,0.98486328125,0.0,0.0,0.0,0.0,0.42363672550523845,0
0,3.8495664092601944,-0.10290968730224977,-0.10872364754264699,-2.1414816072352343,0.0,9.1552734375e-05,0.491729736328125,-2.353114942080131,4.220581575439172e-07,0.0,0.0,0.0,0.0,0.984832763671875,0.0,0.0,0.0,0.0,1.496451045121906,16
0,4.029410140051816,-0.10260139026119233,-0.04144649305445572,-2.1654295294374952,0.0,3.0517578125e-05,0.484100341796875,-2.309477412753143,4.2208417961284083e-07,0.0,0.0,0.0,0.0,0.9854736328125,0.0,0.0,0.0,0.0,1.7199323052144937,16
0,3.616352721787255,-0.10267030177963934,-0.0676185491386371,-2.2210693265457477,0.0,0.0,0.51190185546875,-2.3913581774640242,4.2204291148802466e-07,0.0,0.0,0.0,0.0,0.984954833984375,0.0,0.0,0.0,0.0,1.2249941222803196,0
0,2.6017809752102607,-0.10242361504488819,-0.03192440324974695,-2.3097296194451746,0.0,0.0,0.537322998046875,-2.4440776377398095,4.22062943644175e-07,0.0,0.0,0.0,0.0,0.985382080078125,0.0,0.0,0.0,0.0,0.15770291540750753,0
0,3.456443204279955,-0.10093919241100101,-0.021431090412833642,-1.8845478744704969,0.0,0.0,0.399322509765625,-2.0069181572943315,4.2209292075608034e-07,0.0,0.0,0.0,0.0,0.985626220703125,0.0,0.0,0.0,0.0,1.4495246248927025,0
0,4.072307523725593,-0.10026776948233282,-0.022100393583392903,-1.9330403054245813,0.0,0.0,0.40673828125,-2.055408468490307,4.220392638655694e-07,0.0,0.0,0.0,0.0,0.985382080078125,0.0,0.0,0.0,0.0,2.0168986331960226,16
0,3.892039147202457,-0.1028798324278226,-0.021,-1.80183720690467,0.0,0.0,0.38897705078125,-1.9257170393324925,5.221376906243969e-07,0.0,0.0,0.0,0.0,0.983428955078125,0.0,0.0,0.0,0.0,1.9663215857322731,0
0,4.199111093415172,-0.10474019180890382,-0.021,-1.815225122883614,0.0,0.0,0.363525390625,-1.9409653146925177,4.220982635464231e-07,0.0,0.0,0.0,0.0,0.98577880859375,0.0,0.0,0.0,0.0,2.2581453566243903,0
0,2.735076957427554,-0.10156507733308348,-0.021,-2.095568027376497,0.0,0.0,0.465728759765625,-2.2181331047095805,4.220718367432226e-07,0.0,0.0,0.0,0.0,0.986053466796875,0.0,0.0,0.0,0.0,0.5169434306461371,0
0,3.3846656892544935,-0.09777510612113682,-0.021,-1.6773330052477848,0.0,0.0,0.3187255859375,-1.7961081113689217,4.2202401702476124e-07,0.0,0.0,0.0,0.0,0.9852294921875,0.0,0.0,0.0,0.0,1.5885571558615545,0
0,3.0523067947875524,-0.098284602886321,-0.021,-1.660486209560636,0.0,0.0,0.3316650390625,-1.7797708124469571,4.2208564070935764e-07,0.0,0.0,0.0,0.0,0.9857177734375,0.0,0.0,0.0,0.0,1.2725355602549548,0
0,3.4147047868699563,-0.10121373117802501,-0.02100000000000008,-1.6244434641379781,0.0,0.0,0.327667236328125,-1.7466571953160033,4.2209188535576585e-07,0.0,0.0,0.0,0.0,0.984619140625,0.0,0.0,0.0,0.0,1.6680471694620675,0
0,3.970667611092992,-0.09904573763673442,-0.021,-1.544503118810588,0.0,0.0,0.3104248046875,-1.6645488564473225,4.220419965149819e-07,0.0,0.0,0.0,0.0,0.985992431640625,0.0,0.0,0.0,0.0,2.3061183326036727,16
0,3.8238914783194886,-0.10000114191335657,-0.021,-1.542349035906808,0.0,0.0,0.29937744140625,-1.6633501778201643,4.220789522985603e-07,0.0,0.0,0.0,0.0,0.98577880859375,0.0,0.0,0.0,0.0,2.1605408784203712,0
0,4.091907592628225,-0.09800864618241749,-0.021,-1.5447044864957864,0.0,0.0,0.31353759765625,-1.663713132678204,4.220779288029988e-07,0.0,0.0,0.0,0.0,0.9854736328125,0.0,0.0,0.0,0.0,2.4281940378720916,16
0,4.268927170446198,-0.09396272184710383,-0.021,-1.4999283752742887,0.0,0.0,0.28131103515625,-1.6148910971213923,4.220877792656274e-07,0.0,0.0,0.0,0.0,0.985137939453125,0.0,0.0,0.0,0.0,2.6540356512370264,0
0,3.271211719428477,-0.09841668808525088,-0.021,-1.4747558190048553,0.0,0.0,0.288604736328125,-1.594172507090106,5.22118999557767e-07,0.0,0.0,0.0,0.0,0.983856201171875,0.0,0.0,0.0,0.0,1.677038690219371,0
0,3.326712844055227,-0.097779831057848,-0.021,-1.4477527762567979,0.0,0.0,0.29522705078125,-1.5665326073146462,4.220730712664525e-07,0.0,0.0,0.0,0.0,0.985687255859375,0.0,0.0,0.0,0.0,1.7601798146675094,0
0,2.908860370155177,-0.10276629032953137,-0.021,-1.4402389565498273,0.0,0.0,0.29608154296875,-1.5640052468793586,4.2208910947800635e-07,0.0,0.0,0.0,0.0,0.985595703125,0.0,0.0,0.0,0.0,1.3448547011867094,0
0,3.50875630734744,-0.09928558585009961,-0.021,-1.729511394917858,0.0,0.0,0.381744384765625,-1.849796980767958,4.2205014124547346e-07,0.0,0.0,0.0,0.0,0.985870361328125,0.0,0.0,0.0,0.0,1.6589589045293414,0
0,3.1038173708412633,-0.09766715482474406,-0.021,-1.5380941659776253,0.0,0.0,0.276031494140625,-1.6567613208023693,4.220812661709737e-07,0.0,0.0,0.0,0.0,0.985321044921875,0.0,0.0,0.0,0.0,1.4470556279576279,0
0,3.364430311455127,-0.09611218222049339,-0.021,-1.3755613166920126,0.0,0.0,0.2557373046875,-1.492673498912506,4.219969780247752e-07,0.0,0.0,0.0,0.0,0.986053466796875,0.0,0.0,0.0,0.0,1.871756390545643,0
0,3.8189672430912696,-0.09874742016818744,-0.021,-1.3500609386680194,0.0,0.0,0.27337646484375,-1.469808358836207,4.220775658026862e-07,0.0,0.0,0.0,0.0,0.98516845703125,0.0,0.0,0.0,0.0,2.3491584621774972,0
0,2.840854116180694,-0.09632223544783489,-0.02100104822523228,-1.2505612597948508,0.0,0.0,0.217193603515625,-1.3678845434679179,4.221069682111718e-07,0.0,0.0,0.0,0.0,0.98577880859375,0.0,0.0,0.0,0.0,1.4729691506058078,0
0,3.676179017634068,-0.09617429818878102,-0.021,-1.2929451033267263,0.0,0.0,0.22637939453125,-1.410119401515507,4.220904439122403e-07,0.0,0.0,0.0,0.0,0.98602294921875,0.0,0.0,0.0,0.0,2.2660591940281165,0
0,4.283471356896986,-0.09751270479641574,-0.021,-1.3780180230101107,0.0,0.0,0.271026611328125,-1.4965307278065263,4.220633695112418e-07,0.0,0.0,0.0,0.0,0.984954833984375,0.0,0.0,0.0,0.0,2.786940207027091,0
0,3.1575268562903185,-0.09707044355484393,-0.021,-1.2637388844353932,0.0,0.0,0.2227783203125,-1.381809327990237,4.221030011632719e-07,0.0,0.0,0.0,0.0,0.984954833984375,0.0,0.0,0.0,0.0,1.77571710619708,0
0,3.3498416077652258,-0.09631661720507889,-0.021000000000024673,-1.523613953131325,0.0,0.0,0.317901611328125,-1.6409305703364283,5.221202842883696e-07,0.0,0.0,0.0,0.0,0.98291015625,0.0,0.0,0.0,0.0,1.7089105153085136,0
0,3.6770924736577157,-0.09946350849953287,-0.021,-1.3994075984778878,0.0,0.0,0.282623291015625,-1.5198711069774204,4.2205785395154956e-07,0.0,0.0,0.0,0.0,0.98577880859375,0.0,0.0,0.0,0.0,2.1572209446224404,0
0,3.440127413513033,-0.09765008894696123,-0.021,-1.7713370264374884,0.0,0.0,0.410308837890625,-1.8899871153844494,4.2208088285827075e-07,0.0,0.0,0.0,0.0,0.9853515625,0.0,0.0,0.0,0.0,1.550139876047701,0
0,4.522520824558088,-0.1007300619161091,-0.021,-1.3095497283000992,0.0,0.0,0.24676513671875,-1.4312797902162084,4.2207734709660383e-07,0.0,0.0,0.0,0.0,0.985198974609375,0.0,0.0,0.0,0.0,3.0912406122645324,16
0,3.1193413275837987,-0.09991992246092204,-0.021,-1.210006912486063,0.0,0.0,0.23394775390625,-1.3309268349469854,4.220665208798929e-07,0.0,0.0,0.0,0.0,0.984527587890625,0.0,0.0,0.0,0.0,1.7884140705702927,0
0,3.1180708558438135,-0.0971190952387199,-0.021749140683995624,-1.2053624177209685,0.0,0.0,0.22149658203125,-1.3242306536436839,4.2207308024042355e-07,0.0,0.0,0.0,0.0,0.98516845703125,0.0,0.0,0.0,0.0,1.793839780127049,0
0,2.644700337963916,-0.0963333457921247,-0.0343362454867597,-1.1751912236456792,0.0,0.0,0.223602294921875,-1.3058608149245634,4.2202919674574345e-07,0.0,0.0,0.0,0.0,0.985107421875,0.0,0.0,0.0,0.0,1.3388391010101552,0
0,3.985386952617208,-0.09906476163888511,-0.021,-1.1010049940193647,0.0,0.0,0.221099853515625,-1.2210697556582497,4.221172141939202e-07,0.0,0.0,0.0,0.0,0.9859619140625,0.0,0.0,0.0,0.0,2.7643167748417437,0
0,4.178344882134543,-0.0977283705113743,-0.021,-1.0664885869884617,0.0,0.0,0.19744873046875,-1.185216957499836,4.220774396603107e-07,0.0,0.0,0.0,0.0,0.98602294921875,0.0,0.0,0.0,0.0,2.9931275025572677,0
0,3.6200344644711833,-0.09636284127207057,-0.0210000000026584,-1.0949405676249313,0.0,0.0,0.20745849609375,-1.2123034088996605,4.2209146961391045e-07,0.0,0.0,0.0,0.0,0.984405517578125,0.0,0.0,0.0,0.0,2.4077306334800532,0
0,3.434909586264859,-0.09500765091578389,-0.021,-1.1757371630007314,0.0,0.0,0.213592529296875,-1.291744813916515,5.221651959743075e-07,0.0,0.0,0.0,0.0,0.983123779296875,0.0,0.0,0.0,0.0,2.1431642501831476,0
0,2.973735446729261,-0.09688532709831568,-0.021,-1.4116697638562783,0.0,0.0,0.2978515625,-1.529555090954594,4.2209476424368017e-07,0.0,0.0,0.0,0.0,0.98455810546875,0.0,0.0,0.0,0.0,1.444179933679903,0
0,3.189543547147726,-0.10272917319242172,-0.021,-1.157243654396031,0.0,0.0,0.2210693359375,-1.2809728275884527,4.2208100229833947e-07,0.0,0.0,0.0,0.0,0.985748291015625,0.0,0.0,0.0,0.0,1.908570297478271,0
0,3.292240707241178,-0.09856563081554667,-0.02100000000038519,-1.083161770291283,0.0,0.0,0.2000732421875,-1.2027274011072149,4.220643473024338e-07,0.0,0.0,0.0,0.0,0.9852294921875,0.0,0.0,0.0,0.0,2.0895128840696158,0
0,3.6785146418837664,-0.09526688964998435,-0.021,-0.9933214764186947,0.0,0.0,0.1817626953125,-1.109588366068679,4.2205864846626255e-07,0.0,0.0,0.0,0.0,0.985382080078125,0.0,0.0,0.0,0.0,2.568925853756439,0
0,3.8916855134291977,-0.09462619512085929,-0.021001168551372424,-1.1361890377009394,0.0,0.0,0.201568603515625,-1.251816401373171,4.2207707080417476e-07,0.0,0.0,0.0,0.0,0.984771728515625,0.0,0.0,0.0,0.0,2.639868689978955,0
0,3.3085790520045952,-0.09105018981874662,-0.021000004887572827,-1.0147741597487223,0.0,0.0,0.1805419921875,-1.1268243544550416,4.22096284886631e-07,0.0,0.0,0.0,0.0,0.98529052734375,0.0,0.0,0.0,0.0,2.1817542754532684,0
0,3.796988565679839,-0.09229677156924737,-0.021005984337581357,-1.1066469564064993,0.0,0.0,0.18243408203125,-1.219949712313328,4.220722640851497e-07,0.0,0.0,0.0,0.0,0.98529052734375,0.0,0.0,0.0,0.0,2.5770384312942474,0
0,3.199756231014667,-0.08934457720840136,-0.021000128911355505,-1.0005138609088045,0.0,0.0,0.1651611328125,-1.1108585670285613,4.220729082285523e-07,0.0,0.0,0.0,0.0,0.9849853515625,0.0,0.0,0.0,0.0,2.0888972419131977,0
0,3.73003158934296,-0.08547577333365475,-0.027008826461473186,-0.9646807528746453,0.0,0.0009765625,0.165313720703125,-1.0771653526697733,4.2205499348313314e-07,0.0,0.0,0.0,0.0,0.986175537109375,0.0,0.0,0.0,0.0,2.6528658146181936,0
0,3.7128793803151208,-0.08837932081878189,-0.025484669723813663,-0.9887164660303177,0.0,0.001312255859375,0.1561279296875,-1.102580456572913,5.145140932048413e-07,0.0,0.0,0.0,0.0,0.983123779296875,0.0,0.0,0.0,0.0,2.6102984092281143,16
0,4.078876876888757,-0.09007993221434957,-0.09077841558916094,-1.0475183355501616,0.0,0.0086669921875,0.161529541015625,-1.2283766833536718,4.296973970128417e-07,0.0,0.0,0.0,0.0,0.985565185546875,0.0,0.0,0.0,0.0,2.8504997638376883,0
0,4.537222808525202,-0.09242887509274397,-0.021001437200237054,-0.9912568696643917,0.0,0.0,0.157135009765625,-1.1046871819573725,4.2205806907830025e-07,0.0,0.0,0.0,0.0,0.9859619140625,0.0,0.0,0.0,0.0,3.43253520450976,0
0,3.687090070560618,-0.09244250764538495,-0.09291764090536465,-1.0548257042163378,0.0,0.013916015625,0.18328857421875,-1.2401858527670873,4.2209244413392143e-07,0.0,0.0,0.0,0.0,0.9862060546875,0.0,0.0,0.0,0.0,2.4469037957010866,0
0,3.4807216767527813,-0.09247394115279778,-0.12419121442110123,-1.0702169285255085,0.0,0.021881103515625,0.174468994140625,-1.2868820840994077,4.220665422939012e-07,0.0,0.0,0.0,0.0,0.98577880859375,0.0,0.0,0.0,0.0,2.1938391705868314,0
0,3.1966589184547254,-0.09026189594459721,-0.0992039749413655,-1.0336693127483552,0.0,0.015655517578125,0.17010498046875,-1.2231351836343176,4.2209021484982373e-07,0.0,0.0,0.0,0.0,0.98516845703125,0.0,0.0,0.0,0.0,1.973523312730193,0
0,4.198752015557877,-0.08828066754131149,-0.021364962927818705,-0.8474147846522195,0.0,0.0,0.1380615234375,-0.9570604151213495,4.2207725418617384e-07,0.0,0.0,0.0,0.0,0.98516845703125,0.0,0.0,0.0,0.0,3.2416911783592726,0
0,3.8546558394911545,-0.087551259901003,-0.02102535076025023,-0.8432213002972753,0.0,0.0,0.132965087890625,-0.9517979109585286,4.220537048858833e-07,0.0,0.0,0.0,0.0,0.985382080078125,0.0,0.0,0.0,0.0,2.9028575064789215,0
0,3.1757170229183824,-0.08649546058038313,-0.021000001578486225,-0.8613849549155683,0.0,0.0,0.147918701171875,-0.9688804170744375,4.2207110392802025e-07,0.0,0.0,0.0,0.0,0.98455810546875,0.0,0.0,0.0,0.0,2.2068361837728414,0
0,3.4158222132183473,-0.09137767855177764,-0.021,-1.147955149288911,0.0,0.0,0.2315673828125,-1.2603328278406887,4.22078626657292e-07,0.0,0.0,0.0,0.0,0.98504638671875,0.0,0.0,0.0,0.0,2.1554889632990317,0
0,3.5758210801128247,-0.09300119015345577,-0.021000000000001344,-0.9606899035945021,0.0,0.0,0.1593017578125,-1.0746910937479592,4.220511682746174e-07,0.0,0.0,0.0,0.0,0.98504638671875,0.0,0.0,0.0,0.0,2.5011295643136973,16
0,3.8666936220943104,-0.09415132119966363,-0.021,-0.9014623554601956,0.0,0.0,0.148712158203125,-1.0166136766598592,5.221130487531303e-07,0.0,0.0,0.0,0.0,0.982635498046875,0.0,0.0,0.0,0.0,2.850079423321403,0
0,3.787246293232162,-0.09212686275992951,-0.021,-0.8990164258985549,0.0,0.0,0.160980224609375,-1.0121432886584842,4.2203154406554406e-07,0.0,0.0,0.0,0.0,0.9859619140625,0.0,0.0,0.0,0.0,2.775102582542134,0
0,3.2257719958328908,-0.09614802806407108,-0.02100000000023057,-0.8761272949616671,0.0,0.0,0.14837646484375,-0.9932753230259688,4.220869015201302e-07,0.0,0.0,0.0,0.0,0.9864501953125,0.0,0.0,0.0,0.0,2.2324962507200206,0
0,3.25279972996234,-0.08983165624458239,-0.021,-0.8229520442029723,0.0,0.0,0.1356201171875,-0.9337837004475548,4.2207017077013353e-07,0.0,0.0,0.0,0.0,0.98583984375,0.0,0.0,0.0,0.0,2.3190156074446144,0
0,3.1117499075033628,-0.09137200326291592,-0.021,-0.779751668177859,0.0,0.0,0.12298583984375,-0.8921236714407749,4.220436611715549e-07,0.0,0.0,0.0,0.0,0.9852294921875,0.0,0.0,0.0,0.0,2.2196258140189267,0
0,3.5051794522544384,-0.09188135084083021,-0.021000020762700144,-0.8303167235803044,0.0,0.0,0.130096435546875,-0.9431980951838348,4.220637188037036e-07,0.0,0.0,0.0,0.0,0.98529052734375,0.0,0.0,0.0,0.0,2.561980935006885,0
0,3.1351580998900372,-0.09318930711052807,-0.03554460784574817,-0.7716442162555601,0.0,0.00372314453125,0.1190185546875,-0.9003781312118364,4.2202471870816076e-07,0.0,0.0,0.0,0.0,0.984405517578125,0.0,0.0,0.0,0.0,2.234779546653482,0
0,4.096350004378484,-0.09057024799694909,-0.021000000827176,-0.7109259067892604,0.0,0.0,0.116912841796875,-0.8224961556133854,4.2203924164710425e-07,0.0,0.0,0.0,0.0,0.985748291015625,0.0,0.0,0.0,0.0,3.273853426725857,0
0,2.870968982098474,-0.09114371720298681,-0.021,-0.7408066170151575,0.0,0.0,0.118988037109375,-0.8529503342181441,4.220899693458664e-07,0.0,0.0,0.0,0.0,0.985504150390625,0.0,0.0,0.0,0.0,2.0180182257903603,0
0,3.548654257880803,-0.09351053140336071,-0.021000000000011926,-0.9024622856418731,0.0,0.0,0.145111083984375,-1.0169728170452457,4.2206655401437914e-07,0.0,0.0,0.0,0.0,0.984893798828125,0.0,0.0,0.0,0.0,2.531681018769003,0
0,4.029229425160243,-0.08926619006928938,-0.021,-0.8364889307247618,0.0,0.0,0.12396240234375,-0.9467551207940512,5.220853748075276e-07,0.0,0.0,0.0,0.0,0.98358154296875,0.0,0.0,0.0,0.0,3.0824737822808164,0
0,3.1724876868202703,-0.09784793035128034,-0.02100000000239849,-0.7576529951580454,0.0,0.0,0.12158203125,-0.8765009255117242,4.2200271602126614e-07,0.0,0.0,0.0,0.0,0.98486328125,0.0,0.0,0.0,0.0,2.29598633930583,0
0,3.9462834986489095,-0.09748208255230253,-0.021,-0.804042605674534,0.0,0.0,0.13604736328125,-0.9225246882268364,4.220716336978034e-07,0.0,0.0,0.0,0.0,0.985748291015625,0.0,0.0,0.0,0.0,3.0237583883504393,0
0,4.549392429631918,-0.09373083898433662,-0.021,-0.656204846544256,0.0,0.0,0.105560302734375,-0.7709356855285927,4.2205581957411987e-07,0.0,0.0,0.0,0.0,0.985076904296875,0.0,0.0,0.0,0.0,3.778456322047506,16
0,3.4267107070011624,-0.09075492807551241,-0.021,-0.7134421696404294,0.0,0.0,0.1124267578125,-0.8251970977159419,4.2206681760747584e-07,0.0,0.0,0.0,0.0,0.985076904296875,0.0,0.0,0.0,0.0,2.6015131872184023,0
0,3.6439814002104742,-0.09242810205746438,-0.021000000041783637,-0.7985248977164909,0.0,0.0,0.1239013671875,-0.911952999815739,4.220851096233453e-07,0.0,0.0,0.0,0.0,0.985931396484375,0.0,0.0,0.0,0.0,2.7320279783096253,0
0,3.699627161298963,-0.09097776979259364,-0.021,-0.8682160599574291,0.0,0.0,0.156646728515625,-0.9801938297500226,4.2206514921616217e-07,0.0,0.0,0.0,0.0,0.985198974609375,0.0,0.0,0.0,0.0,2.7194329094837912,0
0,4.0080290435567605,-0.09129936892167184,-0.021,-0.6825480782901484,0.0,0.0,0.10955810546875,-0.7948474472118203,4.221053744751331e-07,0.0,0.0,0.0,0.0,0.98583984375,0.0,0.0,0.0,0.0,3.2131811742395655,16
0,3.6385249941062745,-0.09039165625964075,-0.021000000006841008,-0.6902487339661194,0.0,0.0,0.112030029296875,-0.8016403902326011,4.220668386780722e-07,0.0,0.0,0.0,0.0,0.98614501953125,0.0,0.0,0.0,0.0,2.836884181806835,0
0,4.220142665729729,-0.08950786495310084,-0.021000357828622623,-0.6993010552922124,0.0,0.0,0.104400634765625,-0.8098092780739359,4.220924917212522e-07,0.0,0.0,0.0,0.0,0.9853515625,0.0,0.0,0.0,0.0,3.4103329655633012,0
0,3.4215087232470283,-0.09139921707285968,-0.02100000901784763,-0.68594873132569,0.0,0.0,0.112060546875,-0.7983479574163972,4.22155592923819e-07,0.0,0.0,0.0,0.0,0.985809326171875,0.0,0.0,0.0,0.0,2.623160343675038,16
0,4.5344715078633895,-0.09319362281567135,-0.02100021826258404,-0.7155959379484431,0.0,0.0,0.113525390625,-0.8297897790266984,5.221773374082464e-07,0.0,0.0,0.0,0.0,0.983001708984375,0.0,0.0,0.0,0.0,3.7046812066593544,0
0,4.264814321235291,-0.0917865430381924,-0.021,-0.7390114486341268,0.0,0.0,0.113067626953125,-0.8517979916723192,4.220123527306483e-07,0.0,0.0,0.0,0.0,0.985992431640625,0.0,0.0,0.0,0.0,3.4130159075506183,16
0,3.213306734335243,-0.09823347931945631,-0.021,-0.6989769247562525,0.0,0.0,0.123016357421875,-0.818210404075709,4.2208837707091337e-07,0.0,0.0,0.0,0.0,0.9852294921875,0.0,0.0,0.0,0.0,2.3950959081711565,0
0,3.9177857196062593,-0.09120599685196092,-0.021,-0.8112415286749575,0.0,0.0,0.13214111328125,-0.9234475255269184,4.220706022289497e-07,0.0,0.0,0.0,0.0,0.984588623046875,0.0,0.0,0.0,0.0,2.994337772008739,0
0,3.483579977101856,-0.09389891132725267,-0.021,-0.7001307688848765,0.0,0.0,0.107147216796875,-0.8150296802121291,4.22065591263972e-07,0.0,0.0,0.0,0.0,0.986053466796875,0.0,0.0,0.0,0.0,2.6685498748241354,0
0,3.521602665032695,-0.09318944273009223,-0.021000000000170015,-0.8134076352261593,0.0,0.0,0.127685546875,-0.9275970779564215,4.2205489314347125e-07,0.0,0.0,0.0,0.0,0.98504638671875,0.0,0.0,0.0,0.0,2.5940051650213802,0
0,2.997981607200866,-0.09002237611012541,-0.021337200511409284,-0.6103940160265213,0.0,0.0,0.095306396484375,-0.721753592648056,4.2214688429284203e-07,0.0,0.0,0.0,0.0,0.985565185546875,0.0,0.0,0.0,0.0,2.2762275924059256,0
0,2.8464828836218783,-0.08868883012845273,-0.021,-0.6727680057693495,0.0,0.0,0.10040283203125,-0.7824568358978022,4.220807040406257e-07,0.0,0.0,0.0,0.0,0.985321044921875,0.0,0.0,0.0,0.0,2.0640256256433718,0
0,3.6895901052626705,-0.09406744588356065,-0.02100000000001892,-0.7262611957022236,0.0,0.0,0.110382080078125,-0.8413286415858032,4.219972524991384e-07,0.0,0.0,0.0,0.0,0.985565185546875,0.0,0.0,0.0,0.0,2.848261041679614,0
0,4.066266522031893,-0.0880141500870873,-0.021,-0.6203632623836353,0.0,0.0,0.096954345703125,-0.7293774124707225,4.2207102167030785e-07,0.0,0.0,0.0,0.0,0.985107421875,0.0,0.0,0.0,0.0,3.3368886874901493,0
0,2.5864804340210616,-0.08844064189910254,-0.021,-0.626446708476413,0.0,0.0,0.1009521484375,-0.7358873503755156,5.22099678714141e-07,0.0,0.0,0.0,0.0,0.983184814453125,0.0,0.0,0.0,0.0,1.8505925615458672,0
0,2.8353428990391474,-0.09220731617179916,-0.021,-0.7322883782328115,0.0,0.0,0.10546875,-0.8454956944046107,4.220913567579516e-07,0.0,0.0,0.0,0.0,0.9857177734375,0.0,0.0,0.0,0.0,1.98984678254318,0
0,3.2889063766882627,-0.09456684391659889,-0.021000000032388732,-0.659202842284872,0.0,0.0,0.105438232421875,-0.7747696862338598,4.221400174673039e-07,0.0,0.0,0.0,0.0,0.985504150390625,0.0,0.0,0.0,0.0,2.514136268314385,0
0,3.842417397821402,-0.09443092970270967,-0.021,-0.7654068861490162,0.0,0.0,0.1180419921875,-0.880837815851726,4.220397840846506e-07,0.0,0.0,0.0,0.0,0.985137939453125,0.0,0.0,0.0,0.0,2.9615791599298915,0
0,4.062743772680358,-0.0875453904241146,-0.021,-0.6375372305587651,0.0,0.0,0.10009765625,-0.7460826209828797,4.220577332760135e-07,0.0,0.0,0.0,0.0,0.9844970703125,0.0,0.0,0.0,0.0,3.3166607296397443,0
0,3.558007312954433,-0.0885917108161364,-0.021,-0.6257501815952223,0.0,0.0,0.0972900390625,-0.7353418924113587,4.220936195633054e-07,0.0,0.0,0.0,0.0,0.98516845703125,0.0,0.0,0.0,0.0,2.822664998449455,16
0,3.227181605211012,-0.08692994166684445,-0.021,-0.65302496070597,0.0,0.0,0.102020263671875,-0.7609549023728144,4.220868088082838e-07,0.0,0.0,0.0,0.0,0.985870361328125,0.0,0.0,0.0,0.0,2.466226280751388,0
0,3.5531027785146954,-0.08721968444712827,-0.021,-0.6590094722476847,0.0,0.0,0.09735107421875,-0.7672291566948131,4.220549710544287e-07,0.0,0.0,0.0,0.0,0.9857177734375,0.0,0.0,0.0,0.0,2.7858731997649113,0
0,2.875480765216815,-0.08929024734664959,-0.021,-0.6016077169837558,0.0,0.0,0.09527587890625,-0.7118979643304053,4.220549905866322e-07,0.0,0.0,0.0,0.0,0.985595703125,0.0,0.0,0.0,0.0,2.1635823788314186,0
0,3.3776619011565163,-0.08968352524643586,-0.021000000000023982,-0.6080986159075331,0.0,0.0,0.09747314453125,-0.7187821411539929,4.2202949062088233e-07,0.0,0.0,0.0,0.0,0.985321044921875,0.0,0.0,0.0,0.0,2.658879337973033,0
0,3.5316467951096913,-0.08727966630313774,-0.021,-0.6687425256220019,0.0,0.0,0.095733642578125,-0.7770221919251397,4.2205334902995397e-07,0.0,0.0,0.0,0.0,0.985198974609375,0.0,0.0,0.0,0.0,2.7546241811312036,0
0,3.689208219878906,-0.09200353909966923,-0.021,-0.6347942172994274,0.0,0.0,0.09771728515625,-0.7477977563990965,5.221080966169515e-07,0.0,0.0,0.0,0.0,0.9835205078125,0.0,0.0,0.0,0.0,2.941409941371713,0
0,3.5363703782815845,-0.08900222281005434,-0.021,-0.6411979313056364,0.0,0.0,0.09771728515625,-0.7512001541156907,4.220817791262149e-07,0.0,0.0,0.0,0.0,0.984619140625,0.0,0.0,0.0,0.0,2.7851698020841145,0
0,4.119749086332902,-0.09151206668332484,-0.021,-0.6333725719216905,0.0,0.0,0.10150146484375,-0.7458846386050153,4.2204761892988197e-07,0.0,0.0,0.0,0.0,0.985931396484375,0.0,0.0,0.0,0.0,3.373864025680268,16
0,3.8690577158391317,-0.09109193092166573,-0.021,-0.6374745996229142,0.0,0.0,0.1038818359375,-0.7495665305445798,4.2209125574600377e-07,0.0,0.0,0.0,0.0,0.985870361328125,0.0,0.0,0.0,0.0,3.1194907632032964,0
0,2.8424744423303014,-0.08925454944170995,-0.021,-0.6091527257771829,0.0,0.0,0.091217041015625,-0.7194072752188929,4.2203806068806804e-07,0.0,0.0,0.0,0.0,0.985809326171875,0.0,0.0,0.0,0.0,2.1230667450733476,0
0,3.438478012901666,-0.09102157581792744,-0.02100000000264673,-0.5667858493805232,0.0,0.0,0.091827392578125,-0.6788074252010974,4.2207553772992264e-07,0.0,0.0,0.0,0.0,0.9849853515625,0.0,0.0,0.0,0.0,2.759670165625031,0
0,3.6976094114788203,-0.09013249114087388,-0.021,-0.7197267279850181,0.0,0.0,0.095245361328125,-0.8308592191258921,4.220433486808811e-07,0.0,0.0,0.0,0.0,0.98553466796875,0.0,0.0,0.0,0.0,2.8667497703095792,0
0,4.32590849185393,-0.08811042023587826,-0.021,-0.7041669858977327,0.0,0.0,0.095550537109375,-0.813277406133611,4.220826753387396e-07,0.0,0.0,0.0,0.0,0.984832763671875,0.0,0.0,0.0,0.0,3.512630663637644,0
0,3.634864943011825,-0.08839392010733979,-0.021,-0.6116446828310047,0.0,0.0,0.0909423828125,-0.7210386029383444,4.2204786072162047e-07,0.0,0.0,0.0,0.0,0.98553466796875,0.0,0.0,0.0,0.0,2.9138259180256196,0
0,4.066550519530942,-0.0871853091311269,-0.02100000000451028,-0.6320529749459554,0.0,0.0,0.09375,-0.7402382840815925,4.2209435675804294e-07,0.0,0.0,0.0,0.0,0.985198974609375,0.0,0.0,0.0,0.0,3.326311813354993,0
0,3.6145625514786763,-0.08915409367352196,-0.021,-0.6753312303493083,0.0,0.0,0.097259521484375,-0.7854853240228301,5.220923624528521e-07,0.0,0.0,0.0,0.0,0.983306884765625,0.0,0.0,0.0,0.0,2.8290767053634833,0
0,4.248846690597523,-0.09343474947064853,-0.02100001493606586,-0.6561287781595164,0.0,0.0,0.0936279296875,-0.7705635425662307,4.22042398203252e-07,0.0,0.0,0.0,0.0,0.98614501953125,0.0,0.0,0.0,0.0,3.478282725988893,0
0,3.1335705059486694,-0.0935243348234911,-0.049382044701268106,-0.6826337699104867,0.0,0.008148193359375,0.1064453125,-0.8255401494352459,4.220372438525371e-07,0.0,0.0,0.0,0.0,0.985107421875,0.0,0.0,0.0,0.0,2.3080299344761794,0
0,3.4957594627781563,-0.09060736708823214,-0.02100000002590053,-0.6596467562932569,0.0,0.0,0.09844970703125,-0.7712541234073894,4.2204462290416757e-07,0.0,0.0,0.0,0.0,0.9844970703125,0.0,0.0,0.0,0.0,2.7245049173261435,0
0,3.231474869305246,-0.09198201339669396,-0.05087653568748608,-0.5807293668066514,0.0,0.009002685546875,0.09033203125,-0.7235879158908314,4.220896827890655e-07,0.0,0.0,0.0,0.0,0.985870361328125,0.0,0.0,0.0,0.0,2.5078865313247314,0
0,3.1816820277022497,-0.0887875887340123,-0.021,-0.6008840592865576,0.0,0.0,0.092926025390625,-0.7106716480205699,4.2211668247914404e-07,0.0,0.0,0.0,0.0,0.985809326171875,0.0,0.0,0.0,0.0,2.4710099575649966,0
0,3.435197154561992,-0.09233622747683295,-0.16854923171574196,-0.6295419766566999,0.0,0.044891357421875,0.09136962890625,-0.8904274358492749,4.2207315810732563e-07,0.0,0.0,0.0,0.0,0.9849853515625,0.0,0.0,0.0,0.0,2.544769296639559,0
0,2.7750804289411515,-0.08887215430565615,-0.021147876174877477,-0.6187271575501793,0.0,0.0,0.09283447265625,-0.7287471880307128,4.220266515267353e-07,0.0,0.0,0.0,0.0,0.98553466796875,0.0,0.0,0.0,0.0,2.046332818883787,0
0,3.9396943110084366,-0.09345638157635149,-0.06672326848734075,-0.6317829291952085,0.0,0.0130615234375,0.09320068359375,-0.7919625792589007,4.2206420710327483e-07,0.0,0.0,0.0,0.0,0.98583984375,0.0,0.0,0.0,0.0,3.147731309685329,0
0,3.793507623988198,-0.08831901934462116,-0.08314205485153937,-0.5968858110878266,0.0,0.018402099609375,0.09088134765625,-0.7683468852839872,4.2207033557320945e-07,0.0,0.0,0.0,0.0,0.985748291015625,0.0,0.0,0.0,0.0,3.0251603166338756,0
0,2.9671895273522404,-0.0889541784501562,-0.17578700500997463,-0.6429733519746201,0.0,0.047637939453125,0.09576416015625,-0.9077145354347508,5.221890374216844e-07,0.0,0.0,0.0,0.0,0.983642578125,0.0,0.0,0.0,0.0,2.059474469728452,0
0,3.396995247858113,-0.09355907393909069,-0.3163648698390879,-0.6589821204100261,0.0,0.085235595703125,0.095184326171875,-1.0689060641882049,4.220512697805903e-07,0.0,0.0,0.0,0.0,0.985626220703125,0.0,0.0,0.0,0.0,2.3280887616186385,0
0,3.099079079871779,-0.09441651951044734,-0.41709237424984563,-0.5944796347271806,0.0,0.113311767578125,0.0880126953125,-1.1059885284874735,4.221106708030047e-07,0.0,0.0,0.0,0.0,0.98553466796875,0.0,0.0,0.0,0.0,1.9930901292736345,0
0,3.726617625239864,-0.09514953527802693,-0.021054771338296318,-0.6027487532664366,0.0,0.0,0.094512939453125,-0.7189530598827598,4.2205751965671905e-07,0.0,0.0,0.0,0.0,0.984619140625,0.0,0.0,0.0,0.0,3.007664143299584,0
0,3.793048268746049,-0.09477210158750012,-0.17673849303489467,-0.6084768861889924,0.0,0.0335693359375,0.101806640625,-0.8799874808113871,4.220357256023628e-07,0.0,0.0,0.0,0.0,0.985931396484375,0.0,0.0,0.0,0.0,2.9130603658989362,0
0,3.9882305408928085,-0.09141184354489008,-0.0211872708067684,-0.548398173885351,0.0,0.0,0.08660888671875,-0.6609972882370093,4.2204916467865797e-07,0.0,0.0,0.0,0.0,0.985382080078125,0.0,0.0,0.0,0.0,3.3272328306066337,0
0,3.918239073004621,-0.08895841990807599,-0.02100000001356428,-0.6689072589169598,0.0,0.0,0.092132568359375,-0.7788656788385998,4.2205786573381576e-07,0.0,0.0,0.0,0.0,0.9849853515625,0.0,0.0,0.0,0.0,3.139372972108155,16
0,5.061013125309297,-0.0929327306537461,-0.109110169943198,-0.560254331262848,0.0,0.0242919921875,0.090972900390625,-0.7622972318597921,4.2204005840848755e-07,0.0,0.0,0.0,0.0,0.98480224609375,0.0,0.0,0.0,0.0,4.298715471409447,32
0,4.052691163121578,-0.08789281719827707,-0.021000000000000005,-0.6137629702932597,0.0,0.0,0.090728759765625,-0.7226557874915368,4.22102753678627e-07,0.0,0.0,0.0,0.0,0.985565185546875,0.0,0.0,0.0,0.0,3.3300349535272886,0
0,3.8070107727400213,-0.09061057146154845,-0.10131453615860388,-0.600864521669424,0.0,0.02044677734375,0.0950927734375,-0.7927896292895763,4.220760935012747e-07,0.0,0.0,0.0,0.0,0.98541259765625,0.0,0.0,0.0,0.0,3.014220721374351,16
0,3.3226300588740934,-0.08941799238224774,-0.03720484516273928,-0.6997269135656493,0.0,0.0052490234375,0.097442626953125,-0.8263497511106361,4.2207622896055824e-07,0.0,0.0,0.0,0.0,0.985443115234375,0.0,0.0,0.0,0.0,2.496279885687228,0
0,3.497051111949054,-0.09012013290755924,-0.021,-0.6530178062340622,0.0,0.0,0.096405029296875,-0.7641379391416215,5.220771169634153e-07,0.0,0.0,0.0,0.0,0.983184814453125,0.0,0.0,0.0,0.0,2.7329126507303156,0
0,3.426857400452935,-0.08935180052632413,-0.021000000000000057,-0.5560185436229125,0.0,0.0,0.0863037109375,-0.6663703441492366,4.220705388869045e-07,0.0,0.0,0.0,0.0,0.985321044921875,0.0,0.0,0.0,0.0,2.7604866342331595,0
0,2.9483793955285735,-0.09225178270070788,-0.021,-0.7198712597342368,0.0,0.0,0.109222412109375,-0.8331230424349447,4.2208950590690345e-07,0.0,0.0,0.0,0.0,0.98529052734375,0.0,0.0,0.0,0.0,2.115255931004123,0
0,3.762117572588708,-0.09359742616881943,-0.04975600737513176,-0.6136938247137681,0.0,0.0076904296875,0.1002197265625,-0.7570472582577192,4.220337991312292e-07,0.0,0.0,0.0,0.0,0.98553466796875,0.0,0.0,0.0,0.0,3.00506989229719,16
0,4.273012920138316,-0.08596362997546612,-0.021,-0.5954628873568151,0.0,0.0,0.090789794921875,-0.702426517332281,4.220763251888795e-07,0.0,0.0,0.0,0.0,0.98602294921875,0.0,0.0,0.0,0.0,3.57058598072971,0
0,4.10288719178145,-0.08659519050401704,-0.02100003065418761,-0.5984039885575139,0.0,0.0,0.092132568359375,-0.7059992097157185,4.220839589457621e-07,0.0,0.0,0.0,0.0,0.985076904296875,0.0,0.0,0.0,0.0,3.396887559981773,0
0,3.594554129472896,-0.085912891953343,-0.021000000008582632,-0.5563054471942468,0.0,0.0,0.088958740234375,-0.6632183391561725,4.2207308266351487e-07,0.0,0.0,0.0,0.0,0.98577880859375,0.0,0.0,0.0,0.0,2.931335368243641,0
0,3.4082707278449362,-0.08832616962085436,-0.17946161400361882,-0.6356195988801088,0.0,0.0238037109375,0.0968017578125,-0.903407382504582,4.2207049892534477e-07,0.0,0.0,0.0,0.0,0.984832763671875,0.0,0.0,0.0,0.0,2.5048629232698554,0
0,3.6821448451005376,-0.08874165893886907,-0.0675088359826423,-0.542675706699119,0.0,0.0155029296875,0.0869140625,-0.6989262016206303,4.220920868417551e-07,0.0,0.0,0.0,0.0,0.9847412109375,0.0,0.0,0.0,0.0,2.98321822138782,0
0,3.5209060239608676,-0.08717418704926679,-0.02100000001242206,-0.5679524531645255,0.0,0.0,0.088226318359375,-0.6761266402262143,4.2210591421417346e-07,0.0,0.0,0.0,0.0,0.985565185546875,0.0,0.0,0.0,0.0,2.844778961628739,0
0,3.7371177657976618,-0.08791724670112858,-0.021,-0.5849039456951465,0.0,0.0,0.091827392578125,-0.6938211923962752,5.220660701863457e-07,0.0,0.0,0.0,0.0,0.983642578125,0.0,0.0,0.0,0.0,3.0432960513353167,0
0,4.342780620519963,-0.09049826685524111,-0.021010843556972074,-0.5967951131682907,0.0,0.0,0.088409423828125,-0.7083042235805038,4.22067947593281e-07,0.0,0.0,0.0,0.0,0.9847412109375,0.0,0.0,0.0,0.0,3.6344759748715116,0
0,3.2053127196729845,-0.08863529609092005,-0.021,-0.5788577726419408,0.0,0.0,0.08740234375,-0.6884930687328608,4.220263762409579e-07,0.0,0.0,0.0,0.0,0.985809326171875,0.0,0.0,0.0,0.0,2.5168192289137474,0
0,3.9054179617398255,-0.09358944340925218,-0.021002201774382858,-0.5985777204566891,0.0,0.0,0.10662841796875,-0.7131693656403242,4.220666616625063e-07,0.0,0.0,0.0,0.0,0.985321044921875,0.0,0.0,0.0,0.0,3.1922481740328394,16
0,3.6290206993990966,-0.08740003012348858,-0.021,-0.5622010656707994,0.0,0.0,0.08575439453125,-0.6706010957942881,4.2209399528252866e-07,0.0,0.0,0.0,0.0,0.985931396484375,0.0,0.0,0.0,0.0,2.9584191815108127,0
0,4.196389568960521,-0.08390948546352829,-0.021,-0.5964379858325566,0.0,0.0,0.08941650390625,-0.7013474712960848,4.2202040829960335e-07,0.0,0.0,0.0,0.0,0.984893798828125,0.0,0.0,0.0,0.0,3.495041675644029,0
0,3.9534896425000197,-0.08661525607957565,-0.021145915632593756,-0.5751548100287985,0.0,0.0,0.0936279296875,-0.682915981740968,4.2207225690848275e-07,0.0,0.0,0.0,0.0,0.98504638671875,0.0,0.0,0.0,0.0,3.2705732386867945,0
0,4.095190994379372,-0.0883611472209515,-0.0212481976201997,-0.5394392681929984,0.0,0.0,0.08673095703125,-0.6490486130341495,4.220917027709133e-07,0.0,0.0,0.0,0.0,0.98565673828125,0.0,0.0,0.0,0.0,3.44614195925352,0
0,4.83782484657318,-0.08604130634612608,-0.021000654230761667,-0.6066350081853008,0.0,0.0,0.09100341796875,-0.7136769687621884,4.220650131510718e-07,0.0,0.0,0.0,0.0,0.985107421875,0.0,0.0,0.0,0.0,4.1241474557459785,16
0,2.6650755048230885,-0.08778846736597823,-0.02100434969654296,-0.6784161601318887,0.0,0.0,0.105926513671875,-0.7872089771944099,4.2205607457747017e-07,0.0,0.0,0.0,0.0,0.985382080078125,0.0,0.0,0.0,0.0,1.8778661055726042,0
0,4.35693923871289,-0.08792990275553528,-0.021,-0.5750525620716462,0.0,0.0,0.086822509765625,-0.6839824648271814,4.2206499080387964e-07,0.0,0.0,0.0,0.0,0.985595703125,0.0,0.0,0.0,0.0,3.672956351820718,0
0,3.6418902294353623,-0.09351289794383162,-0.02416126015559268,-0.5920307613571667,0.0,0.0,0.09173583984375,-0.7097049194565911,5.220909975746371e-07,0.0,0.0,0.0,0.0,0.983642578125,0.0,0.0,0.0,0.0,2.932184787887774,0
0,4.2729957433761,-0.09110138402311233,-0.14100038469045337,-0.5537339077000576,0.0,0.036712646484375,0.086334228515625,-0.7858356764136232,4.220627536141435e-07,0.0,0.0,0.0,0.0,0.98565673828125,0.0,0.0,0.0,0.0,3.4871596448997235,0
0,3.7152526772469194,-0.09466877489322931,-0.024064890207956886,-0.5660853190331132,0.0,0.0,0.097198486328125,-0.6848189841342995,4.22042868978128e-07,0.0,0.0,0.0,0.0,0.986236572265625,0.0,0.0,0.0,0.0,3.030433271069751,0
0,3.904011814636561,-0.09051174460243733,-0.021005489593428676,-0.5771311426870978,0.0,0.0,0.094268798828125,-0.6886483768829637,4.2208675834820114e-07,0.0,0.0,0.0,0.0,0.985382080078125,0.0,0.0,0.0,0.0,3.2153630156668394,0
0,3.1751541490659925,-0.09003019901281129,-0.02490516216630207,-0.5903016447577126,0.0,0.0,0.092864990234375,-0.705237005936826,4.2210874927143216e-07,0.0,0.0,0.0,0.0,0.985137939453125,0.0,0.0,0.0,0.0,2.469916721020417,0
0,3.261600377283031,-0.08795231526425697,-0.3155488449015017,-0.5806672627689219,0.0,0.079376220703125,0.088409423828125,-0.9841684229346805,4.2200782206085005e-07,0.0,0.0,0.0,0.0,0.985321044921875,0.0,0.0,0.0,0.0,2.2774315323405285,0
0,3.6830131702471336,-0.08826217108870113,-0.023409128996526786,-0.6133690725748877,0.0,0.0,0.094390869140625,-0.7250403726601157,4.22071959424773e-07,0.0,0.0,0.0,0.0,0.985260009765625,0.0,0.0,0.0,0.0,2.957972375515059,0
0,3.613597614287162,-0.08859835764209892,-0.03852690387719174,-0.525688138641069,0.0,0.003662109375,0.086761474609375,-0.6528134001603596,4.220924955547337e-07,0.0,0.0,0.0,0.0,0.985198974609375,0.0,0.0,0.0,0.0,2.9607837920343067,0
0,3.9400812723597394,-0.08764353850593179,-0.03189478307234408,-0.529625372832436,0.0,0.003631591796875,0.08782958984375,-0.6491636944107119,4.2209258797049383e-07,0.0,0.0,0.0,0.0,0.985198974609375,0.0,0.0,0.0,0.0,3.2909171558564396,16
0,2.911093652732992,-0.08816607112037053,-0.021,-0.5534068298634627,0.0,0.0,0.090179443359375,-0.6625729009838331,4.2211420918059344e-07,0.0,0.0,0.0,0.0,0.98553466796875,0.0,0.0,0.0,0.0,2.2485203296349496,0
0,3.7909342761976763,-0.09037448580899661,-0.021,-0.5740801408812599,0.0,0.0,0.0877685546875,-0.6854546266902566,5.221648173689112e-07,0.0,0.0,0.0,0.0,0.98382568359375,0.0,0.0,0.0,0.0,3.105479127342602,0
0,4.453431962917211,-0.09278939603515798,-0.021000000000000005,-0.5935891639369382,0.0,0.0,0.086456298828125,-0.7073785599720961,4.2206649576501375e-07,0.0,0.0,0.0,0.0,0.9859619140625,0.0,0.0,0.0,0.0,3.74605298087862,16
0,3.622641755156248,-0.0899640204221922,-0.021,-0.5786825277976073,0.0,0.0,0.089141845703125,-0.6896465482197995,4.22074935165459e-07,0.0,0.0,0.0,0.0,0.98583984375,0.0,0.0,0.0,0.0,2.9329947848615134,16
0,3.1212801116670037,-0.09077637304443704,-0.021000000000011006,-0.6464710141513251,0.0,0.0,0.0999755859375,-0.7582473871957731,4.220621291945016e-07,0.0,0.0,0.0,0.0,0.985076904296875,0.0,0.0,0.0,0.0,2.363032302409102,0
0,3.4943532889990396,-0.08768988659515711,-0.2188511953997752,-0.606073208756633,0.0,0.051849365234375,0.09271240234375,-0.9126142907515651,4.220462797764546e-07,0.0,0.0,0.0,0.0,0.9847412109375,0.0,0.0,0.0,0.0,2.581738576201195,0
0,4.189416951063189,-0.08723349355534145,-0.04995322375019172,-0.5454213541853586,0.0,0.007781982421875,0.0853271484375,-0.6826080714908919,4.2205785098540165e-07,0.0,0.0,0.0,0.0,0.9857177734375,0.0,0.0,0.0,0.0,3.506808457514446,16
0,3.508040196986291,-0.0902097027050884,-0.15936668439884247,-0.5761873929394781,0.0,0.034271240234375,0.09063720703125,-0.8257637800434088,4.221020639051262e-07,0.0,0.0,0.0,0.0,0.985443115234375,0.0,0.0,0.0,0.0,2.6822759948408192,0
0,3.1910281589673195,-0.0863065024496926,-0.021,-0.5691853498977755,0.0,0.0,0.084136962890625,-0.6764918523474681,4.220690014788774e-07,0.0,0.0,0.0,0.0,0.985687255859375,0.0,0.0,0.0,0.0,2.51453588455085,0
0,4.02515946182872,-0.08812011596110902,-0.022904497907124982,-0.5156868637350573,0.0,0.0,0.08447265625,-0.6267114776032914,4.220753672254164e-07,0.0,0.0,0.0,0.0,0.984893798828125,0.0,0.0,0.0,0.0,3.3984475621500607,0
0,3.64539285459312,-0.08541771077277473,-0.07662653580698386,-0.5256971685848195,0.0,0.00537109375,0.086578369140625,-0.687741415164578,4.2208028085029375e-07,0.0,0.0,0.0,0.0,0.985504150390625,0.0,0.0,0.0,0.0,2.957651017348261,0
0,2.9842112885648326,-0.08751872308752823,-0.02493678805385655,-0.536286681331546,0.0,0.001312255859375,0.088287353515625,-0.6487421924729307,5.144952930334494e-07,0.0,0.0,0.0,0.0,0.982818603515625,0.0,0.0,0.0,0.0,2.3354685815966088,0
0,3.4008776943394077,-0.0899053789750832,-0.021006053648781386,-0.5312294542015784,0.0,0.0,0.0858154296875,-0.6421408868254431,4.296850557102194e-07,0.0,0.0,0.0,0.0,0.985382080078125,0.0,0.0,0.0,0.0,2.7587363778289085,0
0,3.203028818409265,-0.0918740266065371,-0.021,-0.5377220569395307,0.0,0.0,0.08563232421875,-0.6505960835460678,4.220724121367889e-07,0.0,0.0,0.0,0.0,0.985870361328125,0.0,0.0,0.0,0.0,2.5524323127907853,0
0,3.4175976893173416,-0.09097491998763363,-0.021001171128623868,-0.5677973627438024,0.0,0.0,0.09368896484375,-0.6797734538600602,4.2204137693264394e-07,0.0,0.0,0.0,0.0,0.986175537109375,0.0,0.0,0.0,0.0,2.737823813415905,0
0,4.015163173843567,-0.09104721812904255,-0.021000607823029958,-0.6519876845731091,0.0,0.0,0.109893798828125,-0.7640355105251816,4.220494584801511e-07,0.0,0.0,0.0,0.0,0.985198974609375,0.0,0.0,0.0,0.0,3.2511272412689274,0
0,3.698407197722673,-0.08783779516623509,-0.02284848261827445,-0.5478212396011226,0.0,0.0,0.085601806640625,-0.6585075173856321,4.220701255891493e-07,0.0,0.0,0.0,0.0,0.985015869140625,0.0,0.0,0.0,0.0,3.0398992582669155,0
0,3.181230228048781,-0.08587959018042265,-0.02100005350886743,-0.5933294256773278,0.0,0.0,0.089691162109375,-0.7002090693666178,4.220850189423638e-07,0.0,0.0,0.0,0.0,0.98577880859375,0.0,0.0,0.0,0.0,2.4810207365971446,0
0,3.803617857361063,-0.08935618866668565,-0.03385772855841132,-0.5143081873350391,0.0,0.0,0.08544921875,-0.6375221045601361,4.221024633494653e-07,0.0,0.0,0.0,0.0,0.98602294921875,0.0,0.0,0.0,0.0,3.1660953306984636,0
0,3.3056520039293025,-0.09169294077927163,-0.26181109658658724,-0.6317605160844361,0.0,0.0726318359375,0.103973388671875,-0.985264553450295,4.221272159823527e-07,0.0,0.0,0.0,0.0,0.985198974609375,0.0,0.0,0.0,0.0,2.320387028351792,0
0,3.6131005766479314,-0.08747301661291293,-0.02100000000791784,-0.5530628150691779,0.0,0.0,0.08758544921875,-0.6615358316900085,4.2206045066235303e-07,0.0,0.0,0.0,0.0,0.98565673828125,0.0,0.0,0.0,0.0,2.9515643228974717,0
0,3.7118624320056415,-0.0886933246859638,-0.04989649796341015,-0.5646041391707999,0.0,0.007843017578125,0.0889892578125,-0.7031939618201739,4.220020942003829e-07,0.0,0.0,0.0,0.0,0.984954833984375,0.0,0.0,0.0,0.0,3.0086680481833734,0
0,2.875333194983555,-0.09087542441185617,-0.08656433802108326,-0.6380995607448735,0.0,0.0181884765625,0.10260009765625,-0.815539323177813,5.220998420429103e-07,0.0,0.0,0.0,0.0,0.983978271484375,0.0,0.0,0.0,0.0,2.0597933497059,0
0,4.894619486260517,-0.09512232380044948,-0.021125375890732698,-0.6077282295597081,0.0,0.0,0.089752197265625,-0.7239759292508903,4.220450845349823e-07,0.0,0.0,0.0,0.0,0.985687255859375,0.0,0.0,0.0,0.0,4.170643134964543,16
0,3.2736114924566206,-0.09261173404417566,-0.021233509575842142,-0.5856295279345503,0.0,0.0,0.09918212890625,-0.6994747715545679,4.2208230076407397e-07,0.0,0.0,0.0,0.0,0.985748291015625,0.0,0.0,0.0,0.0,2.574136298819752,0
0,3.0311421619334635,-0.09139296925363696,-0.2523106643990874,-0.5308480922189591,0.0,0.062957763671875,0.09161376953125,-0.8745517258716835,4.2210062592846086e-07,0.0,0.0,0.0,0.0,0.985626220703125,0.0,0.0,0.0,0.0,2.156590013961154,0
0,3.4950342369126703,-0.0884531026196241,-0.021005788938887264,-0.49870087010981584,0.0,0.0,0.082427978515625,-0.6081597616683272,4.2208253571803355e-07,0.0,0.0,0.0,0.0,0.98516845703125,0.0,0.0,0.0,0.0,2.886874053161808,0
0,3.253560685325419,-0.09195118411567116,-0.22712034056577107,-0.6039636088225743,0.0,0.054718017578125,0.08843994140625,-0.9230351335040163,4.220663340182436e-07,0.0,0.0,0.0,0.0,0.98614501953125,0.0,0.0,0.0,0.0,2.3305251297550686,0
0,3.3409146200690145,-0.0922898951567695,-0.02131633718169998,-0.576584414558085,0.0,0.0,0.086883544921875,-0.6901906468965543,4.220942418868256e-07,0.0,0.0,0.0,0.0,0.984954833984375,0.0,0.0,0.0,0.0,2.6507235510782183,0
0,4.307283055010873,-0.0865069460197079,-0.02100025178942206,-0.5405837246360108,0.0,0.0,0.0853271484375,-0.6480909224451408,4.220699929559695e-07,0.0,0.0,0.0,0.0,0.9854736328125,0.0,0.0,0.0,0.0,3.6591917104957394,0
0,3.1579228671680024,-0.08917335003031314,-0.02102676749850144,-0.5512591476248163,0.0,0.0,0.085784912109375,-0.6614592651536308,4.221613230895568e-07,0.0,0.0,0.0,0.0,0.9853515625,0.0,0.0,0.0,0.0,2.4964631798530483,0
0,3.2648215650899743,-0.09183333771466297,-0.32196396562513624,-0.5327606872918701,0.0,0.0565185546875,0.083282470703125,-0.9465579906316692,4.219989846443593e-07,0.0,0.0,0.0,0.0,0.9857177734375,0.0,0.0,0.0,0.0,2.3182631524593202,0
0,3.653647633191354,-0.08907408063972286,-0.027409260103529957,-0.5435948334238816,0.0,0.00213623046875,0.0867919921875,-0.6600781741671344,5.22126224635563e-07,0.0,0.0,0.0,0.0,0.98406982421875,0.0,0.0,0.0,0.0,2.993568936897995,0
0,3.2540821697871047,-0.09191665018556255,-0.021011909166821188,-0.5311433116837563,0.0,0.0,0.085784912109375,-0.6440718710361402,4.220085487407387e-07,0.0,0.0,0.0,0.0,0.986083984375,0.0,0.0,0.0,0.0,2.6100098767424162,0
0,4.109528782312998,-0.09059363134994766,-0.05017822489810646,-0.548175332426706,0.0,0.008087158203125,0.084808349609375,-0.6889471886747602,4.2205550271761266e-07,0.0,0.0,0.0,0.0,0.985076904296875,0.0,0.0,0.0,0.0,3.420581171582735,0
0,3.436300549693426,-0.0950816205031502,-0.055786835321880696,-0.5393391089122676,0.0,0.0084228515625,0.0921630859375,-0.6902075647372985,4.220834590923613e-07,0.0,0.0,0.0,0.0,0.985504150390625,0.0,0.0,0.0,0.0,2.746092562872669,0
0,3.9163990267394113,-0.08960464448044245,-0.021020626197706463,-0.49455545688002833,0.0,0.0,0.089019775390625,-0.6051807275581772,4.221128130895548e-07,0.0,0.0,0.0,0.0,0.985321044921875,0.0,0.0,0.0,0.0,3.3112178770684215,0
0,3.649190372286771,-0.0886878522281543,-0.06990762127477398,-0.48292897439958304,0.0,0.007781982421875,0.08203125,-0.6415244479025114,4.220583127873291e-07,0.0,0.0,0.0,0.0,0.985382080078125,0.0,0.0,0.0,0.0,3.007665502325947,0
0,3.68376937393219,-0.08960831779549354,-0.14865761587029805,-0.5259893073613041,0.0,0.036163330078125,0.083587646484375,-0.7642552410270957,4.220695334396574e-07,0.0,0.0,0.0,0.0,0.985107421875,0.0,0.0,0.0,0.0,2.9195137108355604,16
0,3.6708443711947147,-0.08846460703007475,-0.0214049967813231,-0.5518503210720445,0.0,0.0,0.084075927734375,-0.6617199248834423,4.220217716290086e-07,0.0,0.0,0.0,0.0,0.98516845703125,0.0,0.0,0.0,0.0,3.009124024289501,0
0,3.535141674784974,-0.09224198089164681,-0.04922589504175838,-0.5424810117576034,0.0,0.0,0.084320068359375,-0.6839488876910086,4.22035353683209e-07,0.0,0.0,0.0,0.0,0.98529052734375,0.0,0.0,0.0,0.0,2.851192365058611,0
0,3.6710376056131464,-0.0885515608863428,-0.03077637937156954,-0.5317196832816772,0.0,0.002685546875,0.08270263671875,-0.6510476235395894,4.2211125831057667e-07,0.0,0.0,0.0,0.0,0.985321044921875,0.0,0.0,0.0,0.0,3.0199895599622986,0
0,2.837703289781616,-0.09179095725342591,-0.48249087827424664,-0.5524038965683736,0.0,0.137054443359375,0.085052490234375,-1.1266857320960462,4.221033681762757e-07,0.0,0.0,0.0,0.0,0.985565185546875,0.0,0.0,0.0,0.0,1.7110171355822017,0
0,3.868340890212771,-0.09444453510734196,-0.5559231895335872,-0.6026731290539764,0.0,0.1531982421875,0.086456298828125,-1.2530408536949058,5.221435503084687e-07,0.0,0.0,0.0,0.0,0.9835205078125,0.0,0.0,0.0,0.0,2.615299514374315,0
0,3.6244249301674536,-0.09514239155437194,-0.4747810613728062,-0.5454877638459851,0.0,0.1290283203125,0.083709716796875,-1.1154112167731631,4.220251678664434e-07,0.0,0.0,0.0,0.0,0.985595703125,0.0,0.0,0.0,0.0,2.509013291369122,0
0,3.3590609816404777,-0.09070063874897849,-0.33210594564585316,-0.5332595185281239,0.0,0.086273193359375,0.085052490234375,-0.9560661029229556,4.2207456247974787e-07,0.0,0.0,0.0,0.0,0.985504150390625,0.0,0.0,0.0,0.0,2.4029944566429595,0
0,3.404497987554389,-0.09901772808677389,-0.45683031091587883,-0.6002839777937141,0.0,0.092041015625,0.103546142578125,-1.156132016796367,4.220818707262107e-07,0.0,0.0,0.0,0.0,0.98529052734375,0.0,0.0,0.0,0.0,2.2483655486761513,0
0,3.1025072175989465,-0.08812471754300455,-0.055798948047786096,-0.5379924119651498,0.0,0.001251220703125,0.084930419921875,-0.6819160775559405,4.2207366736725494e-07,0.0,0.0,0.0,0.0,0.986083984375,0.0,0.0,0.0,0.0,2.420590717969339,0
0,3.227009544025806,-0.090685055113604,-0.12279572144205467,-0.593623194795692,0.0,0.030670166015625,0.083587646484375,-0.8071039713513507,4.220913403477212e-07,0.0,0.0,0.0,0.0,0.985504150390625,0.0,0.0,0.0,0.0,2.419905150583115,0
0,3.366654858505038,-0.09101934568963489,-0.154406217658082,-0.5673151554781533,0.0,0.0360107421875,0.0869140625,-0.8127407188258703,4.220624107593472e-07,0.0,0.0,0.0,0.0,0.9857177734375,0.0,0.0,0.0,0.0,2.553913717616757,0
0,4.420909925366629,-0.08916542633549278,-0.24669400986256368,-0.5161302954574123,0.0,0.06201171875,0.0811767578125,-0.8519897316554687,4.2208618334606004e-07,0.0,0.0,0.0,0.0,0.9852294921875,0.0,0.0,0.0,0.0,3.5689197716249765,0
0,4.209466899857084,-0.0900039100954847,-0.07884429279028118,-0.5188192069255134,0.0,0.015899658203125,0.082489013671875,-0.6876674098112794,4.2211461763924463e-07,0.0,0.0,0.0,0.0,0.98516845703125,0.0,0.0,0.0,0.0,3.5217990679311866,16
0,3.325382052584281,-0.09111660091716205,-0.02787107275763305,-0.5107266550323649,0.0,0.002288818359375,0.084259033203125,-0.6297143287071599,4.220288346659706e-07,0.0,0.0,0.0,0.0,0.985321044921875,0.0,0.0,0.0,0.0,2.695667301848286,0
0,3.2799109575702783,-0.08898238362372635,-0.021004888385384606,-0.567621769670677,0.0,0.0,0.086639404296875,-0.6776090416797879,5.22101743178776e-07,0.0,0.0,0.0,0.0,0.983795166015625,0.0,0.0,0.0,0.0,2.6023013937887476,0
0,3.33475322056927,-0.09382990981539742,-0.04812382085209753,-0.5688581656536749,0.0,0.006256103515625,0.0850830078125,-0.7108118963211697,4.2205889796655483e-07,0.0,0.0,0.0,0.0,0.985076904296875,0.0,0.0,0.0,0.0,2.6239409021892017,0
0,3.2736876440836755,-0.08990498928187265,-0.02101146029419658,-0.5206402561502733,0.0,0.0,0.084320068359375,-0.6315567057263426,4.220748344364646e-07,0.0,0.0,0.0,0.0,0.9849853515625,0.0,0.0,0.0,0.0,2.6421305162824993,0
0,3.3154113981870195,-0.09502729349328368,-0.021,-0.5698171476322523,0.0,0.0,0.099517822265625,-0.6858444411255361,4.220899715628123e-07,0.0,0.0,0.0,0.0,0.98541259765625,0.0,0.0,0.0,0.0,2.629566534971512,0
0,4.705410197123941,-0.08809544689355846,-0.02100000000000864,-0.5213123511472609,0.0,0.0,0.084320068359375,-0.630407798040828,4.220986873343481e-07,0.0,0.0,0.0,0.0,0.9853515625,0.0,0.0,0.0,0.0,4.075001976984425,32
0,3.3479769399609802,-0.08850573659830563,-0.021000000000000015,-0.5403755780081332,0.0,0.0,0.08795166015625,-0.6498813146064388,4.220751225319487e-07,0.0,0.0,0.0,0.0,0.98516845703125,0.0,0.0,0.0,0.0,2.6980952032794194,0
