,task_reward,velocity_penalty,position_penalty,acceleration_penalty,velocity_over_limit,position_over_limit,acceleration_over_limit,control_penalty,net_reward
0,-0.7799262879788271,-0.05716988414548882,-0.007000000000000003,-0.7516846296209347,0.0,0.0,0.005096435546875,-0.8158545137664237,-1.5957808017452506
0,-0.7922503632628133,-0.056590271521368286,-0.007000000000000003,-0.7426649746339173,0.0,0.0,0.005035400390625,-0.8062552461552857,-1.5985056094180987
0,-0.7046727839840286,-0.05526719273905778,-0.007000000000000003,-0.7261917595259533,0.0,0.0,0.004791259765625,-0.788458952265011,-1.4931317362490395
0,-0.7308252093613004,-0.054755060121951596,-0.007000000000000003,-0.7166768049360779,0.0,0.0,0.00469970703125,-0.7784318650580295,-1.5092570744193299
0,-0.7084446271938993,-0.05418910686066129,-0.007000745846743798,-0.709982268255552,0.0,0.0,0.006011962890625,-0.771172120962957,-1.4796167481568565
0,-0.6857991237278096,-0.05358639864660733,-0.007006590144800504,-0.699723122506062,0.0,0.0,0.0062255859375,-0.7603161112974698,-1.446115235025279
0,-0.6640833741676428,-0.05291429705196195,-0.0070268628641079085,-0.6987357667542214,0.0,0.0,0.01068115234375,-0.7586769266702912,-1.4227603008379341
0,-0.6054748366189976,-0.052191826991753794,-0.007062521685156666,-0.6955509525421985,0.0,0.0,0.015411376953125,-0.7548053012191088,-1.3602801378381064
0,-0.5693181144876118,-0.05144416127694094,-0.007082745714551952,-0.6962953980568709,0.0,0.0,0.022705078125,-0.7548223050483638,-1.3241404195359756
0,-0.5778250919331069,-0.05060775545321147,-0.007110436134768223,-0.686307685453843,0.0,0.0,0.025726318359375,-0.7440258770418225,-1.3218509689749296
0,-0.5863740592575489,-0.04996199857848412,-0.007489448910742823,-0.6816165425641866,0.0,0.0,0.0262451171875,-0.7390679900534134,-1.3254420493109624
0,-0.5660341820566206,-0.049230048655959584,-0.00715303633927926,-0.6668264007293314,0.0,0.0,0.02252197265625,-0.7232094857245702,-1.2892436677811907
0,-0.5581890083341532,-0.04876823270496394,-0.007156543621050359,-0.6595540994924611,0.0,0.0,0.02288818359375,-0.7154788758184754,-1.2736678841526285
0,-0.5601965058750751,-0.04937747736842631,-0.008740179318537355,-0.6584223293765556,0.0,0.0,0.02069091796875,-0.7165399860635193,-1.2767364919385944
0,-0.5849467249671347,-0.04872710257897369,-0.009847140402965493,-0.6525733936255833,0.0,0.0,0.020843505859375,-0.7111476366075224,-1.296094361574657
0,-0.5442431903306397,-0.04868944912672259,-0.009014044312299041,-0.644142545348805,0.0,0.0,0.019073486328125,-0.7018460387878267,-1.2460892291184664
0,-0.5295517290262188,-0.04983592436654374,-0.008537258044198892,-0.6476028983383866,0.0,0.0,0.0164794921875,-0.7059760807491291,-1.235527809775348
0,-0.566692937460774,-0.04991506898609839,-0.011195954388104624,-0.6456852614504855,0.0,0.0,0.0177001953125,-0.7067962848246885,-1.2734892222854626
0,-0.5536896551956803,-0.04957689822547047,-0.015599283256010255,-0.6384575783657035,0.0,0.0,0.01593017578125,-0.7036337598471842,-1.2573234150428643
0,-0.5588939368342666,-0.048001802983591385,-0.011568695093472716,-0.6198997997041749,0.0,0.000274658203125,0.01544189453125,-0.679470297781239,-1.2383642346155055
0,-0.5633006293534387,-0.05013192968445361,-0.01338675836199998,-0.6353402623078146,0.0,0.0,0.014373779296875,-0.6988589503542681,-1.262159579707707
0,-0.5666819786875917,-0.04832607692860319,-0.009245268153684275,-0.610921197082875,0.0,0.0,0.01318359375,-0.6684925421651623,-1.2351745208527543
0,-0.5240571664508065,-0.04905796167542085,-0.008109498193234754,-0.609804448592391,0.0,0.0,0.012603759765625,-0.6669719084610466,-1.191029074911853
0,-0.5259126902865273,-0.048347408584420826,-0.007534118176848709,-0.6011927630666658,0.0,0.0,0.012664794921875,-0.6570742898279354,-1.1829869801144626
0,-0.5021665889168325,-0.04906313870659083,-0.0072710479034054625,-0.6069576231648168,0.0,0.0,0.013763427734375,-0.6632918097748131,-1.1654583986916456
0,-0.5053654480697555,-0.04885058440298625,-0.007462538624017875,-0.6045632007266908,0.0,0.0,0.017364501953125,-0.6608763237536949,-1.1662417718234503
0,-0.4970711864501392,-0.04806750662073765,-0.00716819932782624,-0.5792772070270933,0.0,0.0,0.01025390625,-0.6345129129756572,-1.1315840994257962
0,-0.4830829901087596,-0.04729388625170952,-0.008845852253704522,-0.571995949638997,0.0,0.0,0.012969970703125,-0.6281356881444109,-1.1112186782531706
0,-0.49148741563186926,-0.04620222768457849,-0.008680295315375546,-0.5576576621624834,0.0,0.0,0.0133056640625,-0.6125401851624375,-1.1040276007943066
0,-0.4640377517067502,-0.04537763158141614,-0.008034951114037552,-0.5498895492749027,0.0001220703125,3.0517578125e-05,0.016357421875,-0.6033021319703564,-1.0673398836771066
0,-0.44193813036936863,-0.04518241057559495,-0.010446321553699636,-0.5375704449223339,0.0,0.0,0.01580810546875,-0.5931991770516285,-1.035137307420997
0,-0.46973002909257694,-0.0440176656348504,-0.009983977332824582,-0.5198896766688967,0.0,0.0,0.01165771484375,-0.5738913196365718,-1.0436213487291488
0,-0.4769531339087034,-0.04332432940203823,-0.014657636421199364,-0.5111582295116348,0.0,0.0,0.01068115234375,-0.5691401953348725,-1.046093329243576
0,-0.4329904142514625,-0.04192569681335255,-0.011889145297488864,-0.4910983202894742,0.0,0.0,0.012298583984375,-0.5449131624003156,-0.9779035766517781
0,-0.4658260519557892,-0.04238684628242581,-0.012673721949850824,-0.4952719536179258,0.0,9.1552734375e-05,0.0137939453125,-0.5503325218502024,-1.0161585738059915
0,-0.4162006699409327,-0.04085162452052292,-0.014901835044665374,-0.4710155170027035,3.0517578125e-05,0.0,0.010955810546875,-0.5267689765678918,-0.9429696465088244
0,-0.4112691687290573,-0.04004842620306353,-0.010562123538129862,-0.4615333734239627,0.0,0.0,0.0107421875,-0.5121439231651562,-0.9234130918942134
0,-0.4329501748032996,-0.03793602019697418,-0.0090008455385726,-0.4295847184950298,0.0,0.0,0.008819580078125,-0.47652158423057656,-0.9094717590338762
0,-0.41566057899597325,-0.03690498582970889,-0.007399342707849749,-0.418238765200848,0.0,0.0,0.009124755859375,-0.4625430937384067,-0.8782036727343799
0,-0.41352789085468344,-0.034814266416775624,-0.0071052806833183345,-0.40004635516025555,0.0,0.0,0.010955810546875,-0.4419659022603495,-0.8554937931150328
0,-0.39264618390108674,-0.034473858627476324,-0.007078209890758306,-0.3903030753700964,0.0,0.0,0.009368896484375,-0.43185514388833107,-0.8245013277894178
0,-0.4098558641724737,-0.03339935480297963,-0.007110953343784353,-0.37449418309588056,0.0,0.0,0.00860595703125,-0.4150044912426445,-0.8248603554151182
0,-0.42295936823184854,-0.032385389062891914,-0.007121689717602532,-0.3579420515431849,0.0,0.0,0.007843017578125,-0.39744913032367934,-0.8204084985555278
0,-0.3808543320124499,-0.03213666177677309,-0.007333402819994256,-0.3559762425013496,0.0,0.0,0.008056640625,-0.3954463070981169,-0.7763006391105669
0,-0.4090949843515831,-0.0319636149504417,-0.0071001394076555,-0.350034017417932,0.0,0.0,0.00762939453125,-0.3890977717760292,-0.7981927561276123
0,-0.3778016038039115,-0.03102387439770644,-0.007065224745910504,-0.33311281395239084,0.0,0.0,0.00689697265625,-0.3712019130960078,-0.7490035168999192
0,-0.3705105802826649,-0.03022178242001792,-0.007117618114787219,-0.32846542505123877,0.0,0.0,0.007659912109375,-0.3658048255860439,-0.7363154058687089
0,-0.37425613144348613,-0.02910137201054426,-0.007063295826499255,-0.3145205863735978,0.0,0.0,0.0079345703125,-0.35068525421064134,-0.7249413856541275
0,-0.4055151158285125,-0.028566617422899978,-0.007690136783337664,-0.30110155161019236,0.0,0.000152587890625,0.006103515625,-0.3373583058164301,-0.7428734216449425
0,-0.39114589804833855,-0.027906968857483977,-0.007066135060993791,-0.29454352001542483,0.0,0.0,0.006134033203125,-0.3295166239339026,-0.7206625219822411
0,-0.38484912561543977,-0.027617164746299997,-0.0070793781122070005,-0.2885021384652354,0.0,0.0,0.006744384765625,-0.3231986813237424,-0.7080478069391822
0,-0.3785647625937076,-0.02633876149345075,-0.0070817483987148586,-0.27232214826466467,0.0,0.0,0.0059814453125,-0.30574265815683027,-0.6843074207505379
0,-0.37213119451202004,-0.02538103242082567,-0.007063674037215524,-0.2541633117778402,0.0,0.0,0.005126953125,-0.28660801823588133,-0.6587392127479013
0,-0.3688197949774363,-0.02461117767102527,-0.007080833672432769,-0.24795847729701978,0.0,0.0,0.006134033203125,-0.2796504886404778,-0.6484702836179141
0,-0.3666036232368215,-0.024476875854718305,-0.007074001301999075,-0.24363919358860894,0.0,0.0,0.006500244140625,-0.2751900707453263,-0.6417936939821478
0,-0.3618673497892462,-0.023937267412435743,-0.007068032203971278,-0.23080837862807554,0.0,0.0,0.005096435546875,-0.26181367824448254,-0.6236810280337287
0,-0.35737829070768523,-0.023111263585384408,-0.007121181716907284,-0.22117082068477995,0.0,0.0,0.005767822265625,-0.25140326598707163,-0.6087815566947568
0,-0.3586953668707835,-0.023034469013776503,-0.007137583917561608,-0.21788023463125084,0.0,0.0,0.00567626953125,-0.24805228756258893,-0.6067476544333724
0,-0.3474613913206583,-0.022273005679384596,-0.0070942217910776074,-0.20811334829225636,0.0,0.0,0.005767822265625,-0.2374805757627186,-0.5849419670833769
0,-0.3629700458242501,-0.02238300527013968,-0.007095855183715857,-0.2049288522069727,0.0,0.0,0.005218505859375,-0.23440771266082824,-0.5973777584850783
0,-0.3733474404412983,-0.022216133513202625,-0.007079226669622673,-0.20107925281698497,0.0,0.0,0.005401611328125,-0.23037461299981024,-0.6037220534411085
0,-0.3614578996094076,-0.02165345287900583,-0.0070808681095657685,-0.19543248622019516,0.0,0.0,0.00506591796875,-0.22416680720876675,-0.5856247068181744
0,-0.3471741795057427,-0.021283847787338425,-0.007157710544050228,-0.19329503382713809,0.0,0.0,0.0062255859375,-0.22173659215852676,-0.5689107716642695
0,-0.36064969293489674,-0.021082396776993875,-0.007078380350330028,-0.18779376759304273,0.0,0.0,0.00543212890625,-0.21595454472036663,-0.5766042376552634
0,-0.33188295717018007,-0.020283911091847802,-0.007071985195744181,-0.18023612434880928,0.0,0.0,0.005096435546875,-0.20759202063640125,-0.5394749778065813
0,-0.3629036215226362,-0.020398565478502176,-0.0071183466902473794,-0.1789825459131354,0.0,0.0,0.005462646484375,-0.20649945808188497,-0.5694030796045212
0,-0.3380310358274529,-0.019827549144949275,-0.0070973644108731585,-0.17611496824840756,0.0,0.0,0.0054931640625,-0.20303988180423,-0.5410709176316828
0,-0.35007735410480545,-0.019858865161309934,-0.007081354214281405,-0.16967192157029864,0.0,0.0,0.004974365234375,-0.19661214094588997,-0.5466894950506953
0,-0.3553157703836594,-0.01971901819521606,-0.007080594749123963,-0.16792373687563528,0.0,0.0,0.005218505859375,-0.1947233498199753,-0.5500391202036348
0,-0.34163504165162106,-0.019311744662353206,-0.007109253617254769,-0.1644967163865936,0.0,0.0,0.005126953125,-0.19091771466620158,-0.5325527563178226
0,-0.3325863167854333,-0.018978053285356778,-0.007102199583273023,-0.1602868377153616,0.0,0.0,0.005523681640625,-0.18636709058399137,-0.5189534073694247
0,-0.35758179572821247,-0.019364973055077634,-0.007153797693442446,-0.16163704146761332,0.0,0.0,0.004669189453125,-0.18815581221613337,-0.5457376079443459
0,-0.34918230644729376,-0.018991330926992112,-0.007104182714630827,-0.15675491901196154,0.0,0.0,0.005126953125,-0.18285043265358447,-0.5320327391008782
0,-0.32026482205790396,-0.018236818330296604,-0.007095742114809039,-0.1506145980234717,0.0,0.0,0.005035400390625,-0.17594715846857734,-0.4962119805264813
0,-0.3486643594279095,-0.018959080794950962,-0.007132451716967786,-0.1565191618619726,0.0,0.0,0.0057373046875,-0.18261069437389132,-0.5312750538018008
0,-0.3315852111715962,-0.018554982470389683,-0.007135593206049573,-0.15109609044462147,0.0,0.0,0.00531005859375,-0.1767866661210607,-0.5083718772926569
0,-0.3525370678022166,-0.018861292934886427,-0.007169767812674664,-0.15405463498634994,0.0,0.0,0.00537109375,-0.18008569573391103,-0.5326227635361276
0,-0.3326087113033119,-0.017994121796157062,-0.007153683339124946,-0.1449578506892668,0.0,0.0,0.005523681640625,-0.1701056558245488,-0.5027143671278607
0,-0.34500396186892013,-0.01790149376435543,-0.007120940579549874,-0.1408417028744412,0.0,0.0,0.0048828125,-0.1658641372183465,-0.5108680990872667
0,-0.3092862713304354,-0.017696220128811214,-0.007150425884493104,-0.1392140008493107,0.0,0.0,0.005523681640625,-0.16406064686261504,-0.4733469181930504
0,-0.32423393211479357,-0.018095137909674996,-0.00712463789370317,-0.1451136326743297,0.0,0.0,0.0054931640625,-0.1703334084777079,-0.4945673405925014
0,-0.3266572142589217,-0.017790321653635865,-0.0070883544752916704,-0.14197391643668975,0.0,0.0,0.004913330078125,-0.1668525925656173,-0.493509806824539
0,-0.295982366154513,-0.01693543611059095,-0.0071246413066638255,-0.13175706018263209,0.0,0.0,0.005035400390625,-0.15581713759988683,-0.4517995037543998
0,-0.3194896904914759,-0.017570071457719137,-0.007111440530391144,-0.13665109088718297,0.0,0.0,0.005645751953125,-0.16133260287529322,-0.4808222933667692
0,-0.3199037512099779,-0.017731745322079547,-0.00710049587286898,-0.13597484162680484,0.0,0.0,0.0048828125,-0.16080708282175338,-0.4807108340317312
0,-0.3523324021673433,-0.01790677551551105,-0.007145538374296755,-0.13606226785843376,0.0,0.0,0.00506591796875,-0.16111458174824156,-0.5134469839155849
0,-0.3180527964243583,-0.016693876572206293,-0.007143272275938154,-0.12722697243042,0.0,0.0,0.00531005859375,-0.15106412127856444,-0.46911691770292274
0,-0.3034441970466521,-0.016461747487128253,-0.007109868777185795,-0.12428409007306898,0.0,0.0,0.005767822265625,-0.14785570633738304,-0.45129990338403514
0,-0.30167872944784124,-0.01667965247613179,-0.007103616224991124,-0.1258194862740854,0.0,0.0,0.004974365234375,-0.1496027549752083,-0.45128148442304955
0,-0.3223212960694726,-0.016759261683169387,-0.007136748397190893,-0.1242701992411203,0.0,0.0,0.004974365234375,-0.1481662093214806,-0.4704875053909532
0,-0.3109835706377563,-0.016167078456552145,-0.0070937148626589,-0.1193372657474562,0.0,0.0,0.00518798828125,-0.14259805906666728,-0.4535816297044235
0,-0.32314251989220916,-0.016444935939941896,-0.007155254056096673,-0.12083579261315139,0.0,0.0,0.00567626953125,-0.14443598260918997,-0.4675785025013991
0,-0.32014773740044844,-0.016684144917366105,-0.007102736156208325,-0.12367629491416456,0.0,0.0,0.0050048828125,-0.147463175987739,-0.4676109133881874
0,-0.31154287526781954,-0.0165238853321773,-0.007124245068086171,-0.12183304334153938,0.0,0.0,0.005157470703125,-0.14548117374180286,-0.4570240490096224
0,-0.3174741199292232,-0.016579126650627232,-0.0070877947524506674,-0.12286727465015823,0.0,0.0,0.005218505859375,-0.14653419605323614,-0.4640083159824593
0,-0.3213246945631658,-0.01631186498809584,-0.007137352656259086,-0.11975524276192566,0.0,0.0,0.00555419921875,-0.14320446040628057,-0.46452915496944636
0,-0.3094057343241115,-0.016488518651853155,-0.0070877689129101775,-0.11890741574317729,0.0,0.0,0.00494384765625,-0.14248370330794063,-0.4518894376320521
0,-0.3072353169522102,-0.016129369342298423,-0.007086765045834338,-0.11735133116630209,0.0,0.0,0.00531005859375,-0.14056746555443486,-0.447802782506645
0,-0.3036278454837615,-0.01582845351460243,-0.007119575127838217,-0.11372853674218751,0.0,0.0,0.005096435546875,-0.13667656538462813,-0.4403044108683896
0,-0.32199143110781814,-0.01637059602190264,-0.007113615466796442,-0.11645598925664517,0.0,0.0,0.00537109375,-0.13994020074534425,-0.4619316318531624
0,-0.29903051135277425,-0.016053511800344648,-0.00709697621224588,-0.11371501582588389,0.0,0.0,0.005035400390625,-0.1368655038384744,-0.43589601519124865
0,-0.3361157353436943,-0.017131330050392777,-0.007079500806555856,-0.12561359898674657,0.0,0.0,0.005340576171875,-0.1498244298436952,-0.4859401651873896
0,-0.31057766852820357,-0.015952506448002782,-0.007090885653620678,-0.11375427790600387,0.0,0.0,0.005096435546875,-0.13679767000762733,-0.4473753385358309
0,-0.304432471399121,-0.01597594114220183,-0.007122766607534765,-0.11205992484770404,0.0,0.0,0.00506591796875,-0.13515863259744065,-0.43959110399656165
0,-0.3183308756600568,-0.016327087717494655,-0.0070792422070266574,-0.11821807336546034,0.0,0.0,0.00543212890625,-0.14162440328998166,-0.4599552789500385
0,-0.32099194013123583,-0.016499032278375972,-0.007123015117772002,-0.11806896884201135,0.0,0.0,0.005035400390625,-0.1416910162381593,-0.46268295636939516
0,-0.322991056175037,-0.016133431203042226,-0.007116164421444147,-0.11577326910509178,0.0,0.0,0.0048828125,-0.13902286472957817,-0.4620139209046151
0,-0.3176391309562635,-0.016167367023127724,-0.007071468772821955,-0.11430441115203127,0.0,0.0,0.004852294921875,-0.13754324694798095,-0.45518237790424443
0,-0.3166859808028563,-0.0159174077170929,-0.007125562754159349,-0.11225320957276899,0.0,0.0,0.005462646484375,-0.13529618004402125,-0.4519821608468776
0,-0.32111554453265423,-0.016364183221719085,-0.007112960552115319,-0.1156811391642607,0.0,0.0,0.0050048828125,-0.13915828293809512,-0.4602738274707494
0,-0.30688953741500863,-0.01591192442143176,-0.007129003200645163,-0.11108737964910385,0.0,0.0,0.004974365234375,-0.13412830727118077,-0.44101784468618943
0,-0.3107740100021231,-0.01572913903453136,-0.007106730147655499,-0.11056153907937097,0.0,0.0,0.004730224609375,-0.13339740826155783,-0.44417141826368095
0,-0.29559851312028257,-0.01569210217501053,-0.007093235086730238,-0.11130724144570059,0.0,0.0,0.0054931640625,-0.13409257870744135,-0.42969109182772397
0,-0.2797958600877423,-0.015644574683685058,-0.007054114908944763,-0.10866632228744798,0.0,0.0,0.00506591796875,-0.1313650118800778,-0.41116087196782003
0,-0.2929938849316207,-0.015974978735035218,-0.007092258100143925,-0.11221854712546298,0.0,0.0,0.005035400390625,-0.13528578396064211,-0.4282796688922629
0,-0.29306318400891135,-0.015722627924283403,-0.00707140210285517,-0.10959488063278638,0.0,0.0,0.00506591796875,-0.13238891065992495,-0.42545209466883627
0,-0.2868418579128714,-0.015376888382479857,-0.007072959182018169,-0.1073737958833343,0.0,0.0,0.005523681640625,-0.12982364344783234,-0.4166655013607037
0,-0.32158060578087694,-0.016284804434966254,-0.007052794622071068,-0.11660116074801191,0.0,0.0,0.004913330078125,-0.13993875980504922,-0.4615193655859261
0,-0.29932095453978513,-0.015627904197452178,-0.007057173256697484,-0.10949748228443902,0.0,0.0,0.00518798828125,-0.13218255973858867,-0.43150351427837375
0,-0.3151354796869591,-0.015610337637450827,-0.00709416752379469,-0.10951988906796475,0.0,0.0,0.00506591796875,-0.13222439422921026,-0.4473598739161694
0,-0.29483769935577686,-0.015488418481607544,-0.0070746889179381664,-0.10871700291445438,0.0,0.0,0.005523681640625,-0.1312801103140001,-0.4261178096697769
0,-0.3051196730560295,-0.015998334832781104,-0.007053580366426251,-0.11282186715133982,0.0,0.0,0.005096435546875,-0.1358737823505472,-0.4409934554065767
0,-0.30160572085340753,-0.015703947993415006,-0.0070600400691303595,-0.10941358128098272,0.0,0.0,0.00494384765625,-0.1321775693435281,-0.4337832901969356
0,-0.2888493405448117,-0.01557567566329473,-0.007055345240319329,-0.10771332148425856,0.0,0.0,0.0047607421875,-0.13034434238787262,-0.4191936829326844
0,-0.2926140788550447,-0.01511434757766037,-0.007084159280873394,-0.10578706163620506,0.0,0.0,0.00604248046875,-0.12798556849473883,-0.4205996473497835
0,-0.3083030477448781,-0.015705714682826173,-0.007086218438314645,-0.10776068460908515,0.0,0.0,0.00506591796875,-0.13055261773022597,-0.438855665475104
0,-0.31957693964889605,-0.01634379585004262,-0.007126289809205348,-0.1145264590926284,0.0,0.0,0.005096435546875,-0.13799654475187637,-0.45757348440077245
0,-0.3064930766472985,-0.01576644959318299,-0.007064501828008098,-0.11025152455447891,0.0,0.0,0.005889892578125,-0.13308247597567,-0.43957555262296855
0,-0.2775337334126137,-0.015292308542695811,-0.007076002369875922,-0.10417892563996847,0.0,0.0,0.005401611328125,-0.1265472365525402,-0.40408096996515397
0,-0.2969115826673778,-0.01589032096192753,-0.0070629605471672465,-0.113421791703443,0.0,0.0,0.00555419921875,-0.13637507321253778,-0.4332866558799156
0,-0.2746902631653053,-0.015271131643214558,-0.007050009138747554,-0.1038868052740335,0.0,0.0,0.0048828125,-0.1262079460559956,-0.4008982092213009
0,-0.2960796397494275,-0.01540572555079645,-0.007053542697690089,-0.107472436920867,0.0,0.0,0.00518798828125,-0.1299317051693535,-0.4260113449187811
0,-0.3049732350795964,-0.015782139242403417,-0.007085151643026582,-0.10895334067950818,0.0,0.0,0.004791259765625,-0.13182063156493817,-0.4367938666445346
0,-0.2950413599157594,-0.01564919117337129,-0.0070644864827031535,-0.10968103095810991,0.0,0.0,0.005859375,-0.13239470861418434,-0.42743606852994376
0,-0.29242124781894385,-0.015195741610527174,-0.007053794969674096,-0.10477116378424428,0.0,0.0,0.00494384765625,-0.12702070036444554,-0.41944194818338937
0,-0.29029747929232824,-0.015232590309793164,-0.007071854737613641,-0.10405110645592451,0.0,0.0,0.00506591796875,-0.12635555150333133,-0.4166530307956596
0,-0.29425913713869917,-0.015408684995679047,-0.0070873060302951785,-0.10704942955782423,0.0,0.0,0.005279541015625,-0.12954542058379845,-0.4238045577224977
0,-0.28780984453955155,-0.015086569945689784,-0.007062427528588955,-0.10348582461850075,0.0,0.0,0.00531005859375,-0.12563482209277949,-0.41344466663233104
0,-0.29144733769935877,-0.015099231032836323,-0.007059920971367569,-0.10289065916041508,0.0,0.0,0.005096435546875,-0.12504981116461897,-0.4164971488639777
0,-0.29496257265935966,-0.01563452418363609,-0.0070608204700409495,-0.10703769490702891,0.0,0.0,0.004791259765625,-0.12973303956070598,-0.4246956122200656
0,-0.3021947104151626,-0.01553060644169377,-0.007070936965456376,-0.10618245613654148,0.0,0.0,0.004913330078125,-0.12878399954369163,-0.4309787099588542
0,-0.30406526132423556,-0.015890162361279745,-0.007084887378273698,-0.11046975746186254,0.0,0.0,0.005645751953125,-0.13344480720141597,-0.4375100685256515
0,-0.29886738509613325,-0.01584171269120542,-0.007067748229104371,-0.10972083042699904,0.0,0.0,0.0050048828125,-0.13263029134730883,-0.43149767644344206
0,-0.2943276968323364,-0.015674055570276808,-0.007051659165114961,-0.10688741744880646,0.0,0.0,0.0048828125,-0.12961313218419823,-0.4239408290165346
0,-0.3000110638727064,-0.015459724673967553,-0.007074458264514362,-0.10560139801708965,0.0,0.0,0.005218505859375,-0.12813558095557154,-0.4281466448282779
0,-0.29042319820593643,-0.015143852199936856,-0.0070677245130637105,-0.10256760254027848,0.0,0.0,0.0052490234375,-0.12477917925327904,-0.4152023774592155
0,-0.3104324711616825,-0.01575126765019546,-0.007052189334725725,-0.10855021980547669,0.0,0.0,0.0047607421875,-0.13135367679039786,-0.4417861479520803
0,-0.26759113642564836,-0.014813277922457957,-0.007035568834358098,-0.09926682092279042,0.0,0.0,0.0050048828125,-0.12111566767960645,-0.3887068041052548
0,-0.2741005370029667,-0.014999486658802692,-0.007070026668061962,-0.10004094710944407,0.0,0.0,0.004852294921875,-0.12211046043630874,-0.39621099743927546
0,-0.26659627445719386,-0.014812660471190085,-0.007051716210344101,-0.10052414661317138,0.0,0.0,0.00518798828125,-0.12238852329470556,-0.3889847977518994
0,-0.2881225750634578,-0.015679683781375926,-0.007051071032383841,-0.10824391527800856,0.0,0.0,0.005157470703125,-0.13097467009176833,-0.4190972451552262
0,-0.27742281428016247,-0.01519925111839186,-0.007058405908923215,-0.10511746687182934,0.0,0.0,0.004974365234375,-0.1273751238991444,-0.4047979381793069
0,-0.27322337660151774,-0.014775230689604388,-0.00706645377115905,-0.0992763816723489,0.0,0.0,0.0048828125,-0.12111806613311232,-0.3943414427346301
0,-0.26630154470753004,-0.01494177853472067,-0.00703585582875286,-0.10045985833956934,0.0,0.0,0.005096435546875,-0.12243749270304288,-0.3887390374105729
0,-0.28895320233409905,-0.01556518046998585,-0.007053428860309771,-0.10769014732034413,0.0,0.0,0.0054931640625,-0.13030875665063973,-0.4192619589847388
0,-0.28179557611188577,-0.015103019880902523,-0.007070727513418122,-0.10314964162969806,0.0,0.0,0.00506591796875,-0.1253233890240187,-0.4071189651359045
0,-0.2960711415580425,-0.01564185113297327,-0.007038184927351025,-0.10770499735252897,0.0,0.0,0.005096435546875,-0.13038503341285324,-0.4264561749708957
0,-0.28594855009075837,-0.015299228227914904,-0.007089730753913417,-0.10247217228594029,0.0,0.0,0.004974365234375,-0.1248611312677686,-0.410809681358527
0,-0.3043919132707017,-0.015764167499110086,-0.007047083835695411,-0.1094373518870829,0.0,0.0,0.00531005859375,-0.1322486032218884,-0.43664051649259006
0,-0.28356811411243604,-0.015374539107427393,-0.007050660189996007,-0.1039397175764711,0.0,0.0,0.005035400390625,-0.1263649168738945,-0.4099330309863305
0,-0.3054971263942441,-0.016019211754464503,-0.007080085762146809,-0.11009284827896258,0.0,0.0,0.004913330078125,-0.1331921457955739,-0.438689272189818
0,-0.28489861638077524,-0.015600604632748302,-0.007046284960755897,-0.10514131578099489,0.0,0.0,0.0047607421875,-0.1277882053744991,-0.4126868217552743
0,-0.2962912917806676,-0.015469355437529326,-0.007082118931745953,-0.10569465337222134,0.0,0.0,0.0052490234375,-0.12824612774149663,-0.4245374195221642
0,-0.2746187026957971,-0.015010599308872254,-0.007049715859421647,-0.10147632427235037,0.0,0.0,0.004974365234375,-0.12353663944064427,-0.3981553421364414
0,-0.28888376184122677,-0.015545637496294014,-0.007062609870846795,-0.10603957173822792,0.0,0.0,0.004974365234375,-0.12864781910536874,-0.4175315809465955
0,-0.26368951332464396,-0.01485760752578688,-0.007029836020609962,-0.10035108326628923,0.0,0.0,0.004913330078125,-0.12223852681268607,-0.38592804013733
0,-0.2872710622076924,-0.015877290558266692,-0.007029822289829882,-0.10950845875859855,0.0,0.0,0.005340576171875,-0.13241557160669512,-0.41968663381438753
0,-0.3111378943141968,-0.016157244937207473,-0.007074400155766461,-0.11121669626136337,0.0,0.0,0.0050048828125,-0.1344483413543373,-0.44558623566853406
0,-0.3095803978645241,-0.01622132735267552,-0.007047516540201627,-0.11212318343725908,0.0,0.0,0.004791259765625,-0.13539202733013622,-0.44497242519466035
0,-0.25738150242245983,-0.015148774143673325,-0.007040589606129483,-0.10317162244223473,0.0,0.0,0.005096435546875,-0.12536098619203753,-0.38274248861449733
0,-0.27120476996399734,-0.014770238923677428,-0.007046900658798578,-0.09970248745603458,0.0,0.0,0.0054931640625,-0.12151962703851057,-0.39272439700250794
0,-0.28073540013163445,-0.015560421685007899,-0.007042983354534669,-0.10646713179410497,0.0,0.0,0.0050048828125,-0.12907053683364755,-0.409805936965282
0,-0.278489365769953,-0.014870841505535932,-0.007057988890975919,-0.0996755945929193,0.0,0.0,0.005035400390625,-0.12160442498943115,-0.4000937907593841
0,-0.24909267235599297,-0.014609239948568071,-0.0070631445771383704,-0.09622549368245324,0.0,0.0,0.004974365234375,-0.1178978782081597,-0.36699055056415264
0,-0.261157387563257,-0.015025016304009644,-0.007045339786318801,-0.10241686263987226,0.0,0.0,0.00537109375,-0.12448721873020072,-0.38564460629345776
0,-0.2767785197492491,-0.01594840588401506,-0.0070401562912785634,-0.10951689581481218,0.0,0.0,0.00482177734375,-0.1325054579901058,-0.409283977739355
0,-0.2855280521192625,-0.015743801554326895,-0.007036727914513622,-0.10801619491734649,0.0,0.0,0.00506591796875,-0.130796724386187,-0.4163247765054495
0,-0.2771703218002567,-0.015137504422497427,-0.007053622276038563,-0.10226131662891097,0.0,0.0,0.00482177734375,-0.12445244332744697,-0.4016227651277037
0,-0.30050992041936053,-0.01604238620051772,-0.007064083111352546,-0.1090187620621749,0.0,0.0,0.0050048828125,-0.13212523137404514,-0.4326351517934056
0,-0.2816678977841839,-0.01565106929665219,-0.007052362246686297,-0.10723112048625678,0.0,0.0,0.005584716796875,-0.12993455202959525,-0.41160244981377914
0,-0.2738832196745867,-0.015556385518292437,-0.007055181303712335,-0.1059971068975476,0.0,0.0,0.00494384765625,-0.1286086737195524,-0.40249189339413904
0,-0.2859507957217909,-0.015892873146464412,-0.00706013468871923,-0.10811492951252184,0.0,0.0,0.005157470703125,-0.1310679373477055,-0.41701873306949644
0,-0.2657852772709317,-0.01567488184527837,-0.007046695932462146,-0.10698396047637171,0.0,0.0,0.004913330078125,-0.1297055382541122,-0.39549081552504395
0,-0.2445856361845458,-0.014932611468973202,-0.007058601016742468,-0.0986826196819158,0.0,0.0,0.005340576171875,-0.12067383216763147,-0.36525946835217726
0,-0.25550687409822426,-0.015221838294914396,-0.007035094969007759,-0.1025928072528272,0.0,0.0,0.0050048828125,-0.12484974051674937,-0.3803566146149736
0,-0.27629507851153645,-0.01583143433558839,-0.007044473301162311,-0.107056698183626,0.0,0.0,0.0050048828125,-0.1299326058203767,-0.40622768433191314
0,-0.263742475262027,-0.015270946036746212,-0.007055153814841278,-0.10193360176726665,0.0,0.0,0.004913330078125,-0.12425970161885416,-0.38800217688088123
0,-0.27372454804446955,-0.01570155773366458,-0.007058432346851006,-0.10627284863375393,0.0,0.0,0.005462646484375,-0.12903283871426952,-0.40275738675873907
0,-0.2796773353287154,-0.01606080848525706,-0.007038376008105767,-0.10827379253401763,0.0,0.0,0.0048828125,-0.13137297702738046,-0.4110503123560959
0,-0.282522629749606,-0.015923772970349886,-0.007535409824729862,-0.1072251103204983,0.0,0.0,0.00506591796875,-0.13068429311557805,-0.4132069228651841
0,-0.23392749671109692,-0.01487911747016505,-0.007059297320798343,-0.09792336600359447,0.0,0.0,0.005035400390625,-0.11986178079455785,-0.35378927750565475
0,-0.2668424050938851,-0.01598346991117739,-0.0070565393496236205,-0.11026465235592894,0.0,0.0,0.005523681640625,-0.13330466161672996,-0.4001470667106151
0,-0.26151083382275797,-0.015829615207023633,-0.011424662955380775,-0.10780338763355246,0.0,0.0,0.005096435546875,-0.13505766579595685,-0.3965684996187149
0,-0.2546189661984535,-0.015263035457376221,-0.007058514216946371,-0.10224933709773916,0.0,0.0,0.00494384765625,-0.12457088677206173,-0.3791898529705152
0,-0.2796158473967875,-0.015965022212458886,-0.009072377300880924,-0.10945100855671852,0.0,0.0,0.00494384765625,-0.13448840807005832,-0.4141042554668458
0,-0.2617770875537506,-0.015214451469373143,-0.007128821046034736,-0.10152728527865973,0.0,0.0,0.00567626953125,-0.12387055779406761,-0.3856476453478182
0,-0.25864646844195704,-0.015831893225182442,-0.007061695826461034,-0.106757773188832,0.0,0.0,0.00482177734375,-0.1296513622404755,-0.3882978306824325
0,-0.2503683879502556,-0.015243912394752052,-0.014079970778973473,-0.10175260755633475,0.0,0.000518798828125,0.005279541015625,-0.13107649073006028,-0.3814448786803159
0,-0.2719825046929635,-0.01572543173187423,-0.011526018648290046,-0.10633654055501932,0.0,9.1552734375e-05,0.0050048828125,-0.1335879909351836,-0.405570495628147
0,-0.25901202392543127,-0.015718219833131642,-0.011229965787776137,-0.10839217397027642,0.0,0.001678466796875,0.0054931640625,-0.1353403595911842,-0.3943523835166155
0,-0.2695347266038805,-0.01600545863596018,-0.010575689554409497,-0.10995264523718404,0.0,0.0,0.00506591796875,-0.13653379342755373,-0.40606852003143423
0,-0.2729220271543586,-0.01610682127466663,-0.008368771714777288,-0.10937635284689382,0.0,0.0,0.00494384765625,-0.13385194583633775,-0.40677397299069634
0,-0.26965509670178817,-0.01572460972241719,-0.007049644318244128,-0.10677968856951622,0.0,0.0,0.005401611328125,-0.12955394261017755,-0.39920903931196566
0,-0.2719946880646022,-0.015764134219033638,-0.007113544020359021,-0.10617790023193222,0.0,0.0,0.005157470703125,-0.12905557847132487,-0.40105026653592707
0,-0.2600815856423058,-0.015707478493381062,-0.007072152450809446,-0.10594047720189893,0.0,0.0,0.005401611328125,-0.12872010814608942,-0.3888016937883953
0,-0.2711788450365525,-0.015635192956470135,-0.00707437269028855,-0.10581138313692656,0.0,0.0,0.00494384765625,-0.12852094878368525,-0.39969979382023774
0,-0.2893131604504087,-0.0162194849093765,-0.008470020555496989,-0.1108871285696517,0.0,0.0,0.005157470703125,-0.1355766340345252,-0.4248897944849339
0,-0.26952570822065236,-0.015427568598676491,-0.007080254892150496,-0.10342197909345582,0.0,0.0,0.005126953125,-0.1259298025842828,-0.3954555108049352
0,-0.27382524016089094,-0.015915445045719692,-0.007049586755366257,-0.10805534546717448,0.0,0.0,0.00537109375,-0.13102037726826044,-0.4048456174291514
0,-0.26993480062621583,-0.015739540511079727,-0.0070822410633362,-0.10682492317515285,0.0,0.0,0.004730224609375,-0.12964670474956877,-0.39958150537578463
0,-0.2762247808960618,-0.0156063754632225,-0.007049862745233724,-0.10514736261739738,0.0,0.0,0.0050048828125,-0.1278036008258536,-0.40402838172191535
0,-0.2739520525541655,-0.015759648691500778,-0.007095512996593779,-0.10757194040077336,0.0,0.0,0.005035400390625,-0.13042710208886793,-0.40437915464303337
0,-0.28554280581065733,-0.015876911963555784,-0.007022957238158461,-0.1101742604828915,0.0,0.0,0.00543212890625,-0.13307412968460575,-0.4186169354952631
0,-0.3005198484252416,-0.01631491702344272,-0.007058815246805191,-0.11248069877236304,0.0,0.0,0.0048828125,-0.13585443104261097,-0.43637427946785257
0,-0.2679799682679279,-0.01592030839898777,-0.007065556382658884,-0.10748017637306737,0.0,0.0,0.0050048828125,-0.130466041154714,-0.39844600942264197
0,-0.2561363818279935,-0.015407252360292847,-0.007046494335540327,-0.10386149575008885,0.0,0.0,0.004730224609375,-0.12631524244592202,-0.3824516242739155
0,-0.28900446094820254,-0.016239429629632665,-0.00703950117151489,-0.1134552260860058,0.0,0.0,0.005218505859375,-0.13673415688715335,-0.4257386178353559
0,-0.27957507523652253,-0.01630432193487298,-0.007043646125340168,-0.11185463793877176,0.0,0.0,0.0050048828125,-0.1352026059989849,-0.4147776812355074
0,-0.2512247649450869,-0.015249825769456047,-0.00704626060107938,-0.10304067698720784,0.0,0.0,0.004913330078125,-0.12533676335774327,-0.37656152830283013
0,-0.2465771144134718,-0.015251953503837849,-0.007046805160023934,-0.1031259971318415,0.0,0.0,0.004913330078125,-0.12542475579570328,-0.3720018702091751
0,-0.22624083216857493,-0.014858443456915834,-0.007047268943623873,-0.09859758230246052,0.0,0.0,0.00555419921875,-0.12050329470300024,-0.3467441268715752
0,-0.2574602194275646,-0.015408358868408868,-0.0070717213955811325,-0.10397401625043076,0.0,0.0,0.004913330078125,-0.12645409651442077,-0.38391431594198533
0,-0.26333933737440596,-0.015818410637798184,-0.007044453082996728,-0.10746809712134639,0.0,0.0,0.0047607421875,-0.1303309608421413,-0.39367029821654725
0,-0.25454588465291866,-0.015184680093292793,-0.007067414063701281,-0.10136478795455728,0.0,0.0,0.0050048828125,-0.12361688211155136,-0.37816276676447
0,-0.25512022421025804,-0.015491421714646205,-0.007039779354044061,-0.10681082527314528,0.0,0.0,0.00543212890625,-0.12934202634183556,-0.38446225055209354
0,-0.2880942718530174,-0.01654804098438417,-0.007052916737569183,-0.11644429383869598,0.0,0.0,0.0047607421875,-0.14004525156064931,-0.4281395234136667
0,-0.2765940693528496,-0.016038371037397504,-0.007035157771854966,-0.11149925374216303,0.0,0.0,0.005035400390625,-0.1345727825514155,-0.41116685190426505
0,-0.27015906770941484,-0.016180897949598653,-0.00704159106758084,-0.1110775950119921,0.0,0.0,0.00494384765625,-0.13430008402917162,-0.4044591517385865
0,-0.26308274633994283,-0.015627442084500197,-0.007045086813438073,-0.10618260964868367,0.0,0.0,0.0048828125,-0.12885513854662192,-0.3919378848865648
0,-0.2658203397445634,-0.015319183789862923,-0.0070498419077121965,-0.1031493681194596,0.0,0.0,0.0054931640625,-0.12551839381703472,-0.3913387335615981
0,-0.24725009288203958,-0.015321006448356468,-0.007054477181641409,-0.10163846720124192,0.0,0.0,0.004852294921875,-0.12401395083123981,-0.37126404371327937
0,-0.24639205408946846,-0.015066079173233934,-0.007054716900428921,-0.10022284180069678,0.0,0.0,0.004974365234375,-0.12234363787435963,-0.36873569196382805
0,-0.25035455751865004,-0.014838049836303064,-0.007066678675859656,-0.09796014670930697,0.0,0.0,0.004913330078125,-0.11986487522146969,-0.3702194327401197
0,-0.2575139529577973,-0.015554003507544127,-0.007051231271686775,-0.10577165966619272,0.0,0.0,0.00543212890625,-0.1283768944454236,-0.3858908474032209
0,-0.26425792979960694,-0.015587230576597253,-0.007081949915445125,-0.10514555966918074,0.0,0.0,0.00494384765625,-0.12781474016122313,-0.39207266996083007
0,-0.24956560390789162,-0.015330316930636393,-0.007041647010914065,-0.10193528742149444,0.0,0.0,0.0050048828125,-0.12430725136304491,-0.3738728552709365
0,-0.27912509060519786,-0.016224193044073416,-0.007048182802934101,-0.11132103778180481,0.0,0.0,0.004730224609375,-0.13459341362881233,-0.4137185042340102
0,-0.27541728293140105,-0.01609074153713776,-0.007061917953846656,-0.1101549866826487,0.0,0.0,0.00543212890625,-0.1333076461736331,-0.4087249291050342
0,-0.28063442029580454,-0.015990262850991192,-0.007074245880876878,-0.10799174928432491,0.0,0.0,0.0050048828125,-0.13105625801619297,-0.4116906783119975
0,-0.2603293889825595,-0.015211347721318465,-0.007042163337165074,-0.10071063761517114,0.0,0.0,0.004852294921875,-0.12296414867365468,-0.3832935376562141
0,-0.28439201784544743,-0.01600403025267364,-0.007041919879866237,-0.10794280133950053,0.0,0.0,0.00494384765625,-0.13098875147204042,-0.41538076931748785
0,-0.26563002329077123,-0.015517343754699769,-0.007056854779975271,-0.1050607629652163,0.0,0.0,0.005828857421875,-0.12763496149989134,-0.3932649847906625
0,-0.28995041458256965,-0.016292957148114715,-0.007045437643094909,-0.11141411091673184,0.0,0.0,0.00494384765625,-0.13475250570794145,-0.42470292029051115
0,-0.26345591625892906,-0.015619043693909124,-0.0070658504367380505,-0.10307225148521493,0.0,0.0,0.004974365234375,-0.1257571456158621,-0.3892130618747912
0,-0.26311652699235705,-0.015162180914038108,-0.007069086918587368,-0.10022511672700196,0.0,0.0,0.00494384765625,-0.12245638455962744,-0.3855729115519845
